Repository,Granularity level,fine-grained commits,CGR type,CGR left,CGR right,CGR traced location,Cause
baasbox,2,"('90bbac06f9fd727654593d26dd1f52478f3f351b', 'bba3c5366e1633c61547b3b9f89db730787280a4')",Rename Attribute,app/com/baasbox/controllers/CustomHttpCode.java@PUSH_PROFILE_ARRAY_EXCEPTION : CustomHttpCode,app/com/baasbox/controllers/CustomHttpCode.java@PUSH_PROFILE_FORMAT_INVALID : CustomHttpCode,"[BlameRes(sha1='5867c2256604c6cdcba5c20946c3ca055c582ff9', oline='18', file_name='app/com/baasbox/controllers/CustomHttpCode.java')]"
baasbox,2,"('572f72377ec96ab4947033883d925e9d8cdcbc6d', 'f9dd3effcc9c0d65010d11bc0929a418105d0bc7')",Rename Method,"app/com/baasbox/configuration/PushProfile.java@public PushProfile(iprofileName String, iPush Push)","app/com/baasbox/configuration/PushProfile.java@public addElement(iprofileName String, iPush Push) : void","[BlameRes(sha1='31aa76895653ebb697915172b8fd7dab4c71b3b5', oline='23', file_name='app/com/baasbox/configuration/PushProfile.java')]"
baasbox,2,"('572f72377ec96ab4947033883d925e9d8cdcbc6d', 'f9dd3effcc9c0d65010d11bc0929a418105d0bc7')",Add Method Modifier,"app/com/baasbox/configuration/PushProfile.java@public PushProfile(iprofileName String, iPush Push)","app/com/baasbox/configuration/PushProfile.java@public addElement(iprofileName String, iPush Push) : void","[BlameRes(sha1='31aa76895653ebb697915172b8fd7dab4c71b3b5', oline='23', file_name='app/com/baasbox/configuration/PushProfile.java')]"
baasbox,2,"('3e2c831ad0751cf43f3250149a22fc24f8fea4cb', '9690794a0cfb58604a85742ae44aece111b98889')",Extract And Move Method,app/com/baasbox/controllers/Social.java@public loginWith(socialNetwork String) : Result,app/com/baasbox/service/sociallogin/FacebookLoginService.java@public getPrefix() : String,"[BlameRes(sha1='e750112edabf6707144b4815e5f5b938a1d18d89', oline='57', file_name='app/com/baasbox/controllers/Social.java')]"
baasbox,2,"('3e2c831ad0751cf43f3250149a22fc24f8fea4cb', '9690794a0cfb58604a85742ae44aece111b98889')",Extract And Move Method,app/com/baasbox/controllers/Social.java@public loginWith(socialNetwork String) : Result,app/com/baasbox/service/sociallogin/UserInfo.java@public setGeneratedUsername(generatedUsername boolean) : void,"[BlameRes(sha1='e750112edabf6707144b4815e5f5b938a1d18d89', oline='57', file_name='app/com/baasbox/controllers/Social.java')]"
baasbox,2,"('9c174757cf1a9ca033847c8bf39811274058e8f7', '79c123683ac36392da776cc1df4b970b757bfabe')",Rename Method,test/RoleFunctionalTest.java@public getRouteForObjects() : String,test/RoleFunctionalTest.java@public getFakeUserAddress() : String,"[BlameRes(sha1='e4fb70f394fb6f014ecaab314c61c4fdaac4eda4', oline='51', file_name='test/RoleFunctionalTest.java')]"
baasbox,2,"('9c174757cf1a9ca033847c8bf39811274058e8f7', '79c123683ac36392da776cc1df4b970b757bfabe')",Rename Method,test/RoleFunctionalTest.java@public testDropCollectionCreate() : void,test/RoleFunctionalTest.java@public testRoleCreate() : void,"[BlameRes(sha1='e4fb70f394fb6f014ecaab314c61c4fdaac4eda4', oline='61', file_name='test/RoleFunctionalTest.java')]"
baasbox,2,"('9c174757cf1a9ca033847c8bf39811274058e8f7', '79c123683ac36392da776cc1df4b970b757bfabe')",Rename Variable,test/RoleFunctionalTest.java@sFakeCollection : String,test/RoleFunctionalTest.java@sFakeRole : String,"[BlameRes(sha1='e4fb70f394fb6f014ecaab314c61c4fdaac4eda4', oline='69', file_name='test/RoleFunctionalTest.java')]"
baasbox,2,"('9c174757cf1a9ca033847c8bf39811274058e8f7', '79c123683ac36392da776cc1df4b970b757bfabe')",Rename Variable,test/RoleFunctionalTest.java@sFakeCollectionCount : String,test/RoleFunctionalTest.java@sFakeCheckUser : String,"[BlameRes(sha1='e4fb70f394fb6f014ecaab314c61c4fdaac4eda4', oline='88', file_name='test/RoleFunctionalTest.java')]"
baasbox,2,"('9c174757cf1a9ca033847c8bf39811274058e8f7', '79c123683ac36392da776cc1df4b970b757bfabe')",Extract Variable,test/RoleFunctionalTest.java@,test/RoleFunctionalTest.java@sFakeCheckUser : String,"[BlameRes(sha1='e4fb70f394fb6f014ecaab314c61c4fdaac4eda4', oline='65', file_name='test/RoleFunctionalTest.java')]"
baasbox,3,"('3788cedc6efe0aa23b7f6ff0dcb891a79a4d1f81', 'c4822525b1d8a1690a4fb732aad3c60192f625cf', '514effbabf0383aa0cbfa9956930ffddc4449c8f')",Change Variable Type,app/com/baasbox/db/DbHelper.java@dbg : OGraphDatabase,app/com/baasbox/db/DbHelper.java@db : ODatabaseRecordTx,"[BlameRes(sha1='ae6f1124c5131d3c724ce8e493481e3a2c70f33c', oline='307', file_name='app/com/baasbox/db/DbHelper.java')]"
baasbox,3,"('3788cedc6efe0aa23b7f6ff0dcb891a79a4d1f81', 'c4822525b1d8a1690a4fb732aad3c60192f625cf', '514effbabf0383aa0cbfa9956930ffddc4449c8f')",Rename Variable,app/com/baasbox/db/DbHelper.java@dbg : OGraphDatabase,app/com/baasbox/db/DbHelper.java@db : ODatabaseRecordTx,"[BlameRes(sha1='ae6f1124c5131d3c724ce8e493481e3a2c70f33c', oline='307', file_name='app/com/baasbox/db/DbHelper.java')]"
baasbox,3,"('82ffa02395530d95def4bffc9e57b39402028f45', '9c174757cf1a9ca033847c8bf39811274058e8f7', '79c123683ac36392da776cc1df4b970b757bfabe')",Change Variable Type,test/RoleFunctionalTest.java@e : JsonProcessingException,test/RoleFunctionalTest.java@e : Exception,"[BlameRes(sha1='e4fb70f394fb6f014ecaab314c61c4fdaac4eda4', oline='126', file_name='test/RoleFunctionalTest.java')]"
baasbox,3,"('82ffa02395530d95def4bffc9e57b39402028f45', '9c174757cf1a9ca033847c8bf39811274058e8f7', '79c123683ac36392da776cc1df4b970b757bfabe')",Rename Variable,test/RoleFunctionalTest.java@sFakeInsertObjects : String,test/RoleFunctionalTest.java@sFakeCreateUser : String,"[BlameRes(sha1='e4fb70f394fb6f014ecaab314c61c4fdaac4eda4', oline='76', file_name='test/RoleFunctionalTest.java')]"
baasbox,3,"('82ffa02395530d95def4bffc9e57b39402028f45', '9c174757cf1a9ca033847c8bf39811274058e8f7', '79c123683ac36392da776cc1df4b970b757bfabe')",Rename Variable,test/RoleFunctionalTest.java@payload : JsonNode,test/RoleFunctionalTest.java@actualObj : JsonNode,"[BlameRes(sha1='e4fb70f394fb6f014ecaab314c61c4fdaac4eda4', oline='77', file_name='test/RoleFunctionalTest.java')]"
baasbox,4,"('154b3741bb04ee5ab6a64872e8ba88dc5c85ce4d', 'b233ee3bece22ac044484a94f7569323cab3a2c0', '4376b6c37a6c5c84e30e42445a41876d90732dce', '378733cb3f3fd5b59d7e3a251263d1d511ee50a3')",Rename Class,app/com/baasbox/controllers/actions/filters/AdminLogin.java@com.baasbox.controllers.actions.filters.AdminLogin,app/com/baasbox/controllers/actions/filters/CheckAdminRoleFilter.java@com.baasbox.controllers.actions.filters.CheckAdminRoleFilter,"[BlameRes(sha1='87d3a6b08c427b2e864ca9f734ded9504151a7b7', oline='14', file_name='app/com/baasbox/controllers/actions/filters/AdminLogin.java')]"
baasbox,4,"('154b3741bb04ee5ab6a64872e8ba88dc5c85ce4d', 'b233ee3bece22ac044484a94f7569323cab3a2c0', '4376b6c37a6c5c84e30e42445a41876d90732dce', '378733cb3f3fd5b59d7e3a251263d1d511ee50a3')",Rename Class,app/com/baasbox/controllers/actions/filters/BasicAuthHeader.java@com.baasbox.controllers.actions.filters.BasicAuthHeader,app/com/baasbox/controllers/actions/filters/AdminCredentialWrapFilter.java@com.baasbox.controllers.actions.filters.AdminCredentialWrapFilter,"[BlameRes(sha1='87d3a6b08c427b2e864ca9f734ded9504151a7b7', oline='12', file_name='app/com/baasbox/controllers/actions/filters/BasicAuthHeader.java')]"
baasbox,4,"('154b3741bb04ee5ab6a64872e8ba88dc5c85ce4d', 'b233ee3bece22ac044484a94f7569323cab3a2c0', '4376b6c37a6c5c84e30e42445a41876d90732dce', '378733cb3f3fd5b59d7e3a251263d1d511ee50a3')",Split Class,app/com/baasbox/controllers/actions/filters/CheckAPPCode.java@com.baasbox.controllers.actions.filters.CheckAPPCode,app/com/baasbox/controllers/actions/filters/AnonymousCredentialWrapFilter.java@com.baasbox.controllers.actions.filters.AnonymousCredentialWrapFilter,"[BlameRes(sha1='87d3a6b08c427b2e864ca9f734ded9504151a7b7', oline='15', file_name='app/com/baasbox/controllers/actions/filters/CheckAPPCode.java')]"
baasbox,4,"('154b3741bb04ee5ab6a64872e8ba88dc5c85ce4d', 'b233ee3bece22ac044484a94f7569323cab3a2c0', '4376b6c37a6c5c84e30e42445a41876d90732dce', '378733cb3f3fd5b59d7e3a251263d1d511ee50a3')",Rename Variable,app/com/baasbox/controllers/actions/filters/BasicAuthHeader.java@password : String,app/com/baasbox/controllers/actions/filters/AdminCredentialWrapFilter.java@adminPassword : String,"[BlameRes(sha1='87d3a6b08c427b2e864ca9f734ded9504151a7b7', oline='24', file_name='app/com/baasbox/controllers/actions/filters/BasicAuthHeader.java')]"
