Repository,Granularity level,fine-grained commits,CGR type,CGR left,CGR right,CGR traced location,Cause
HikariCP,2,"('82b4eb9390fb16631e7b9cc832745726a846b9d6', '0f4aa98ff8cdfada65ce7bbfa122c46037ac8c17')",Inline Variable,src/main/java/com/zaxxer/hikari/pool/PoolBase.java@originalTimeout : int,src/main/java/com/zaxxer/hikari/pool/PoolBase.java@,"[BlameRes(sha1='6356e7f69a6d24ce8b3db15abb8627cf5885af93', oline='169', file_name='src/main/java/com/zaxxer/hikari/pool/PoolElf.java')]"
HikariCP,2,"('b2ab057b37da197223712fb8ff8313e4b303770a', '6b155d0696db25bac1596c6fce5fc540ad59cd6d')",Remove Variable Modifier,src/main/java/com/zaxxer/hikari/pool/PoolElf.java@defaultLevel : int,src/main/java/com/zaxxer/hikari/pool/PoolElf.java@defaultTILevel : int,"[BlameRes(sha1='278af352922c0097844d363811ed4d41bab0983b', oline='165', file_name='src/main/java/com/zaxxer/hikari/pool/PoolElf.java')]"
HikariCP,2,"('b2ab057b37da197223712fb8ff8313e4b303770a', '6b155d0696db25bac1596c6fce5fc540ad59cd6d')",Rename Variable,src/main/java/com/zaxxer/hikari/pool/PoolElf.java@defaultLevel : int,src/main/java/com/zaxxer/hikari/pool/PoolElf.java@defaultTILevel : int,"[BlameRes(sha1='278af352922c0097844d363811ed4d41bab0983b', oline='165', file_name='src/main/java/com/zaxxer/hikari/pool/PoolElf.java')]"
HikariCP,2,"('78c6156d9fc5576453ce941541b599cdc19a2a81', 'daaaefcbc5deaf7fd837edea4f818060fabbe46e')",Change Method Access Modifier,src/main/java/com/zaxxer/hikari/util/ClassLoaderUtils.java@public getAllInterfaces(clazz Class<?>) : Set<Class<?>>,src/main/java/com/zaxxer/hikari/proxy/JavassistProxyFactory.java@private getAllInterfaces(clazz Class<?>) : Set<Class<?>>,"[BlameRes(sha1='f131ad50053ae82bc1ef2959d1ef98369d40cbc4', oline='29', file_name='src/main/java/com/zaxxer/hikari/util/ClassLoaderUtils.java')]"
HikariCP,2,"('78c6156d9fc5576453ce941541b599cdc19a2a81', 'daaaefcbc5deaf7fd837edea4f818060fabbe46e')",Move Method,src/main/java/com/zaxxer/hikari/util/ClassLoaderUtils.java@public getAllInterfaces(clazz Class<?>) : Set<Class<?>>,src/main/java/com/zaxxer/hikari/proxy/JavassistProxyFactory.java@private getAllInterfaces(clazz Class<?>) : Set<Class<?>>,"[BlameRes(sha1='f131ad50053ae82bc1ef2959d1ef98369d40cbc4', oline='29', file_name='src/main/java/com/zaxxer/hikari/util/ClassLoaderUtils.java')]"
HikariCP,2,"('782726ca41ba26ef67719bf316b06f96a11d8fdc', 'e29c52f7ee0e16ef8680dfdcf4a94eca23a836eb')",Add Method Modifier,hikaricp-java6/src/main/java/com/zaxxer/hikari/pool/HikariPool.java@public getConnection() : Connection,hikaricp-common/src/main/java/com/zaxxer/hikari/pool/BaseHikariPool.java@public getConnection() : Connection,"[BlameRes(sha1='f131ad50053ae82bc1ef2959d1ef98369d40cbc4', oline='116', file_name='src/main/java/com/zaxxer/hikari/pool/HikariPool.java')]"
HikariCP,2,"('782726ca41ba26ef67719bf316b06f96a11d8fdc', 'e29c52f7ee0e16ef8680dfdcf4a94eca23a836eb')",Add Method Modifier,"hikaricp-java6/src/main/java/com/zaxxer/hikari/pool/HikariPool.java@public releaseConnection(bagEntry PoolBagEntry, isBroken boolean) : void","hikaricp-common/src/main/java/com/zaxxer/hikari/pool/BaseHikariPool.java@public releaseConnection(bagEntry PoolBagEntry, isBroken boolean) : void","[BlameRes(sha1='57a1879f4b92462e1aa4222e318e35b3fbe53223', oline='169', file_name='hikaricp-java6/src/main/java/com/zaxxer/hikari/pool/HikariPool.java')]"
HikariCP,2,"('782726ca41ba26ef67719bf316b06f96a11d8fdc', 'e29c52f7ee0e16ef8680dfdcf4a94eca23a836eb')",Add Method Modifier,hikaricp-java6/src/main/java/com/zaxxer/hikari/pool/HikariPool.java@public shutdown() : void,hikaricp-common/src/main/java/com/zaxxer/hikari/pool/BaseHikariPool.java@public shutdown() : void,"[BlameRes(sha1='f131ad50053ae82bc1ef2959d1ef98369d40cbc4', oline='172', file_name='src/main/java/com/zaxxer/hikari/pool/HikariPool.java')]"
HikariCP,2,"('782726ca41ba26ef67719bf316b06f96a11d8fdc', 'e29c52f7ee0e16ef8680dfdcf4a94eca23a836eb')",Add Method Modifier,hikaricp-java6/src/main/java/com/zaxxer/hikari/pool/HikariPool.java@public evictConnection(proxyConnection IHikariConnectionProxy) : void,hikaricp-common/src/main/java/com/zaxxer/hikari/pool/BaseHikariPool.java@public evictConnection(proxyConnection IHikariConnectionProxy) : void,"[BlameRes(sha1='52649495fab4b2f9cca61b3bda6e25cbf5efc6e7', oline='217', file_name='hikaricp-java6/src/main/java/com/zaxxer/hikari/pool/HikariPool.java')]"
HikariCP,2,"('782726ca41ba26ef67719bf316b06f96a11d8fdc', 'e29c52f7ee0e16ef8680dfdcf4a94eca23a836eb')",Add Method Modifier,hikaricp-java6/src/main/java/com/zaxxer/hikari/pool/HikariPool.java@public getDataSource() : DataSource,hikaricp-common/src/main/java/com/zaxxer/hikari/pool/BaseHikariPool.java@public getDataSource() : DataSource,"[BlameRes(sha1='57a1879f4b92462e1aa4222e318e35b3fbe53223', oline='214', file_name='hikaricp-java6/src/main/java/com/zaxxer/hikari/pool/HikariPool.java')]"
HikariCP,2,"('782726ca41ba26ef67719bf316b06f96a11d8fdc', 'e29c52f7ee0e16ef8680dfdcf4a94eca23a836eb')",Add Method Modifier,hikaricp-java6/src/main/java/com/zaxxer/hikari/pool/HikariPool.java@public getConfiguration() : HikariConfig,hikaricp-common/src/main/java/com/zaxxer/hikari/pool/BaseHikariPool.java@public getConfiguration() : HikariConfig,"[BlameRes(sha1='77c6c38d33e9a574b8c49fea5c5b9c770eb36ea7', oline='222', file_name='hikaricp-java6/src/main/java/com/zaxxer/hikari/pool/HikariPool.java')]"
HikariCP,2,"('782726ca41ba26ef67719bf316b06f96a11d8fdc', 'e29c52f7ee0e16ef8680dfdcf4a94eca23a836eb')",Add Method Modifier,hikaricp-java6/src/main/java/com/zaxxer/hikari/pool/HikariPool.java@public getActiveConnections() : int,hikaricp-common/src/main/java/com/zaxxer/hikari/pool/BaseHikariPool.java@public getActiveConnections() : int,"[BlameRes(sha1='f131ad50053ae82bc1ef2959d1ef98369d40cbc4', oline='254', file_name='src/main/java/com/zaxxer/hikari/pool/HikariPool.java')]"
HikariCP,2,"('782726ca41ba26ef67719bf316b06f96a11d8fdc', 'e29c52f7ee0e16ef8680dfdcf4a94eca23a836eb')",Add Method Modifier,hikaricp-java6/src/main/java/com/zaxxer/hikari/pool/HikariPool.java@public getIdleConnections() : int,hikaricp-common/src/main/java/com/zaxxer/hikari/pool/BaseHikariPool.java@public getIdleConnections() : int,"[BlameRes(sha1='f131ad50053ae82bc1ef2959d1ef98369d40cbc4', oline='260', file_name='src/main/java/com/zaxxer/hikari/pool/HikariPool.java')]"
HikariCP,2,"('782726ca41ba26ef67719bf316b06f96a11d8fdc', 'e29c52f7ee0e16ef8680dfdcf4a94eca23a836eb')",Add Method Modifier,hikaricp-java6/src/main/java/com/zaxxer/hikari/pool/HikariPool.java@public getTotalConnections() : int,hikaricp-common/src/main/java/com/zaxxer/hikari/pool/BaseHikariPool.java@public getTotalConnections() : int,"[BlameRes(sha1='f131ad50053ae82bc1ef2959d1ef98369d40cbc4', oline='266', file_name='src/main/java/com/zaxxer/hikari/pool/HikariPool.java')]"
HikariCP,2,"('782726ca41ba26ef67719bf316b06f96a11d8fdc', 'e29c52f7ee0e16ef8680dfdcf4a94eca23a836eb')",Add Method Modifier,hikaricp-java6/src/main/java/com/zaxxer/hikari/pool/HikariPool.java@public getThreadsAwaitingConnection() : int,hikaricp-common/src/main/java/com/zaxxer/hikari/pool/BaseHikariPool.java@public getThreadsAwaitingConnection() : int,"[BlameRes(sha1='f131ad50053ae82bc1ef2959d1ef98369d40cbc4', oline='272', file_name='src/main/java/com/zaxxer/hikari/pool/HikariPool.java')]"
HikariCP,2,"('782726ca41ba26ef67719bf316b06f96a11d8fdc', 'e29c52f7ee0e16ef8680dfdcf4a94eca23a836eb')",Add Method Modifier,hikaricp-java6/src/main/java/com/zaxxer/hikari/pool/HikariPool.java@public suspendPool() : void,hikaricp-common/src/main/java/com/zaxxer/hikari/pool/BaseHikariPool.java@public suspendPool() : void,"[BlameRes(sha1='0aa2e0c39eb8b5846cfc01c66fcce297e140b9cb', oline='309', file_name='hikaricp-java6/src/main/java/com/zaxxer/hikari/pool/HikariPool.java')]"
HikariCP,2,"('782726ca41ba26ef67719bf316b06f96a11d8fdc', 'e29c52f7ee0e16ef8680dfdcf4a94eca23a836eb')",Add Method Modifier,hikaricp-java6/src/main/java/com/zaxxer/hikari/pool/HikariPool.java@public resumePool() : void,hikaricp-common/src/main/java/com/zaxxer/hikari/pool/BaseHikariPool.java@public resumePool() : void,"[BlameRes(sha1='0aa2e0c39eb8b5846cfc01c66fcce297e140b9cb', oline='316', file_name='hikaricp-java6/src/main/java/com/zaxxer/hikari/pool/HikariPool.java')]"
HikariCP,2,"('782726ca41ba26ef67719bf316b06f96a11d8fdc', 'e29c52f7ee0e16ef8680dfdcf4a94eca23a836eb')",Add Method Modifier,hikaricp-java6/src/main/java/com/zaxxer/hikari/pool/HikariPool.java@private addConnection() : boolean,hikaricp-common/src/main/java/com/zaxxer/hikari/pool/BaseHikariPool.java@protected addConnection() : boolean,"[BlameRes(sha1='f131ad50053ae82bc1ef2959d1ef98369d40cbc4', oline='289', file_name='src/main/java/com/zaxxer/hikari/pool/HikariPool.java')]"
HikariCP,2,"('782726ca41ba26ef67719bf316b06f96a11d8fdc', 'e29c52f7ee0e16ef8680dfdcf4a94eca23a836eb')",Add Method Modifier,hikaricp-java6/src/main/java/com/zaxxer/hikari/pool/HikariPool.java@public logPoolState(prefix String...) : void,hikaricp-common/src/main/java/com/zaxxer/hikari/pool/BaseHikariPool.java@public logPoolState(prefix String...) : void,"[BlameRes(sha1='ea70d3379275fb298e296c0cc2f2851fa847f063', oline='468', file_name='hikaricp-java6/src/main/java/com/zaxxer/hikari/pool/HikariPool.java')]"
HikariCP,2,"('d1d31ebd61bf3e97d9edcfe72a06f74f916e56b5', 'b7c069f90b0c9bbd77a4182b38b04d85ac8b4403')",Change Attribute Type,src/main/java/com/zaxxer/hikari/util/FastStatementList.java@elementData : Statement[],src/main/java/com/zaxxer/hikari/util/FastList.java@elementData : T[],"[BlameRes(sha1='96e6f8b928c53f1420e078b222852fe25b6e9b2c', oline='9', file_name='src/main/java/com/zaxxer/hikari/util/FastStatementList.java')]"
HikariCP,2,"('d1d31ebd61bf3e97d9edcfe72a06f74f916e56b5', 'b7c069f90b0c9bbd77a4182b38b04d85ac8b4403')",Change Parameter Type,src/main/java/com/zaxxer/hikari/util/FastStatementList.java@element : Statement,src/main/java/com/zaxxer/hikari/util/FastList.java@element : T,"[BlameRes(sha1='96e6f8b928c53f1420e078b222852fe25b6e9b2c', oline='23', file_name='src/main/java/com/zaxxer/hikari/util/FastStatementList.java')]"
HikariCP,2,"('d1d31ebd61bf3e97d9edcfe72a06f74f916e56b5', 'b7c069f90b0c9bbd77a4182b38b04d85ac8b4403')",Change Variable Type,src/main/java/com/zaxxer/hikari/util/FastStatementList.java@newElementData : Statement[],src/main/java/com/zaxxer/hikari/util/FastList.java@newElementData : T[],"[BlameRes(sha1='d787d105334ea86540842770397da087af40efaf', oline='33', file_name='src/main/java/com/zaxxer/hikari/util/FastStatementList.java')]"
HikariCP,2,"('d1d31ebd61bf3e97d9edcfe72a06f74f916e56b5', 'b7c069f90b0c9bbd77a4182b38b04d85ac8b4403')",Add Variable Annotation,src/main/java/com/zaxxer/hikari/util/FastStatementList.java@newElementData : Statement[],"src/main/java/com/zaxxer/hikari/util/FastList.java@@SuppressWarnings(""unchecked"")","[BlameRes(sha1='d787d105334ea86540842770397da087af40efaf', oline='33', file_name='src/main/java/com/zaxxer/hikari/util/FastStatementList.java')]"
HikariCP,2,"('d1d31ebd61bf3e97d9edcfe72a06f74f916e56b5', 'b7c069f90b0c9bbd77a4182b38b04d85ac8b4403')",Change Return Type,src/main/java/com/zaxxer/hikari/util/FastStatementList.java@Statement,src/main/java/com/zaxxer/hikari/util/FastList.java@T,"[BlameRes(sha1='96e6f8b928c53f1420e078b222852fe25b6e9b2c', oline='40', file_name='src/main/java/com/zaxxer/hikari/util/FastStatementList.java')]"
HikariCP,2,"('d1d31ebd61bf3e97d9edcfe72a06f74f916e56b5', 'b7c069f90b0c9bbd77a4182b38b04d85ac8b4403')",Change Parameter Type,src/main/java/com/zaxxer/hikari/util/FastStatementList.java@element : Object,src/main/java/com/zaxxer/hikari/util/FastList.java@element : T,"[BlameRes(sha1='961c4d010c59590d0c289189e7fa4c2d5e20fd3a', oline='44', file_name='src/main/java/com/zaxxer/hikari/util/FastList.java')]"
HikariCP,2,"('d1d31ebd61bf3e97d9edcfe72a06f74f916e56b5', 'b7c069f90b0c9bbd77a4182b38b04d85ac8b4403')",Rename Class,src/main/java/com/zaxxer/hikari/util/FastStatementList.java@com.zaxxer.hikari.util.FastStatementList,src/main/java/com/zaxxer/hikari/util/FastList.java@com.zaxxer.hikari.util.FastList,"[BlameRes(sha1='96e6f8b928c53f1420e078b222852fe25b6e9b2c', oline='7', file_name='src/main/java/com/zaxxer/hikari/util/FastStatementList.java')]"
HikariCP,2,"('cdc20deae4b9199cc828cc2d0839d2dcf9af1b6c', '9a9d1e9fa87653062dfe3b71622a23f0ff04fb3b')",Move Class,src/main/java/com/zaxxer/hikari/pool/PoolInitializationException.java@com.zaxxer.hikari.pool.PoolInitializationException,src/main/java/com/zaxxer/hikari/pool/HikariPool.java@com.zaxxer.hikari.pool.HikariPool.PoolInitializationException,"[BlameRes(sha1='33aa9e85424e21fc953f63a999fcdc3a2de10063', oline='4', file_name='hikaricp-common/src/main/java/com/zaxxer/hikari/pool/PoolInitializationException.java')]"
HikariCP,2,"('cdc20deae4b9199cc828cc2d0839d2dcf9af1b6c', '9a9d1e9fa87653062dfe3b71622a23f0ff04fb3b')",Move Class,src/main/java/com/zaxxer/hikari/proxy/ClosedConnection.java@com.zaxxer.hikari.proxy.ClosedConnection,src/main/java/com/zaxxer/hikari/pool/ProxyConnection.java@com.zaxxer.hikari.pool.ProxyConnection.ClosedConnection,"[BlameRes(sha1='fda89bb2ebe9b8949fabdc93a668a1c74f479bb7', oline='10', file_name='hikaricp-java6/src/main/java/com/zaxxer/hikari/proxy/ClosedConnection.java')]"
HikariCP,2,"('cdc20deae4b9199cc828cc2d0839d2dcf9af1b6c', '9a9d1e9fa87653062dfe3b71622a23f0ff04fb3b')",Rename Package,src/main/java/com/zaxxer/hikari/proxy/CallableStatementProxy.java@com.zaxxer.hikari.proxy.CallableStatementProxy,src/main/java/com/zaxxer/hikari/pool/ProxyCallableStatement.java@com.zaxxer.hikari.pool.ProxyCallableStatement,"[BlameRes(sha1='16ab24faf9d8cb2adb3241c1162e91a40b7db803', oline='6', file_name='core/src/main/java/com/zaxxer/hikari/proxy/CallableStatementProxy.java')]"
HikariCP,2,"('cdc20deae4b9199cc828cc2d0839d2dcf9af1b6c', '9a9d1e9fa87653062dfe3b71622a23f0ff04fb3b')",Split Package,src/main/java/com/zaxxer/hikari/proxy/ProxyFactory.java@com.zaxxer.hikari.proxy.ProxyFactory,src/main/java/com/zaxxer/hikari/pool/ProxyFactory.java@com.zaxxer.hikari.pool.ProxyFactory,"[BlameRes(sha1='96e6f8b928c53f1420e078b222852fe25b6e9b2c', oline='12', file_name='src/main/java/com/zaxxer/hikari/proxy/ProxyFactory.java')]"
HikariCP,2,"('cdc20deae4b9199cc828cc2d0839d2dcf9af1b6c', '9a9d1e9fa87653062dfe3b71622a23f0ff04fb3b')",Add Class Modifier,src/main/java/com/zaxxer/hikari/pool/PoolInitializationException.java@com.zaxxer.hikari.pool.PoolInitializationException,src/main/java/com/zaxxer/hikari/pool/HikariPool.java@com.zaxxer.hikari.pool.HikariPool.PoolInitializationException,"[BlameRes(sha1='33aa9e85424e21fc953f63a999fcdc3a2de10063', oline='4', file_name='hikaricp-common/src/main/java/com/zaxxer/hikari/pool/PoolInitializationException.java')]"
HikariCP,2,"('cdc20deae4b9199cc828cc2d0839d2dcf9af1b6c', '9a9d1e9fa87653062dfe3b71622a23f0ff04fb3b')",Change Class Access Modifier,src/main/java/com/zaxxer/hikari/proxy/ClosedConnection.java@com.zaxxer.hikari.proxy.ClosedConnection,src/main/java/com/zaxxer/hikari/pool/ProxyConnection.java@com.zaxxer.hikari.pool.ProxyConnection.ClosedConnection,"[BlameRes(sha1='fda89bb2ebe9b8949fabdc93a668a1c74f479bb7', oline='10', file_name='hikaricp-java6/src/main/java/com/zaxxer/hikari/proxy/ClosedConnection.java')]"
HikariCP,2,"('cdc20deae4b9199cc828cc2d0839d2dcf9af1b6c', '9a9d1e9fa87653062dfe3b71622a23f0ff04fb3b')",Add Class Modifier,src/main/java/com/zaxxer/hikari/proxy/ClosedConnection.java@com.zaxxer.hikari.proxy.ClosedConnection,src/main/java/com/zaxxer/hikari/pool/ProxyConnection.java@com.zaxxer.hikari.pool.ProxyConnection.ClosedConnection,"[BlameRes(sha1='fda89bb2ebe9b8949fabdc93a668a1c74f479bb7', oline='10', file_name='hikaricp-java6/src/main/java/com/zaxxer/hikari/proxy/ClosedConnection.java')]"
HikariCP,2,"('cdc20deae4b9199cc828cc2d0839d2dcf9af1b6c', '9a9d1e9fa87653062dfe3b71622a23f0ff04fb3b')",Change Attribute Access Modifier,src/main/java/com/zaxxer/hikari/proxy/ClosedConnection.java@public CLOSED_CONNECTION : Connection,src/main/java/com/zaxxer/hikari/pool/ProxyConnection.java@package CLOSED_CONNECTION : Connection,"[BlameRes(sha1='fda89bb2ebe9b8949fabdc93a668a1c74f479bb7', oline='12', file_name='hikaricp-java6/src/main/java/com/zaxxer/hikari/proxy/ClosedConnection.java')]"
HikariCP,2,"('a65c5f32d75c6dcf8b9c67577c1823478527e2c5', '26180ba4c403a6edc9234eea384be1863199dec6')",Remove Variable Modifier,src/main/java/com/zaxxer/hikari/pool/PoolElf.java@defaultLevel : int,src/main/java/com/zaxxer/hikari/pool/PoolElf.java@defaultTILevel : int,"[BlameRes(sha1='278af352922c0097844d363811ed4d41bab0983b', oline='165', file_name='src/main/java/com/zaxxer/hikari/pool/PoolElf.java')]"
HikariCP,2,"('a65c5f32d75c6dcf8b9c67577c1823478527e2c5', '26180ba4c403a6edc9234eea384be1863199dec6')",Rename Variable,src/main/java/com/zaxxer/hikari/pool/PoolElf.java@defaultLevel : int,src/main/java/com/zaxxer/hikari/pool/PoolElf.java@defaultTILevel : int,"[BlameRes(sha1='278af352922c0097844d363811ed4d41bab0983b', oline='165', file_name='src/main/java/com/zaxxer/hikari/pool/PoolElf.java')]"
HikariCP,2,"('b818e902f6ef88f423b883b3ee6601a0293a7468', '2ee06867ef4d19930e947b72f0e2667d8a810f59')",Extract Variable,src/main/java/com/zaxxer/hikari/pool/PoolElf.java@,src/main/java/com/zaxxer/hikari/pool/PoolElf.java@upperName : String,"[BlameRes(sha1='76ed55af1de1aeaf56a954b9a887690f563e91b5', oline='99', file_name='src/main/java/com/zaxxer/hikari/pool/PoolElf.java')]"
HikariCP,2,"('5eef10c395bffd1fd276e1a7fd42a37414d01e56', 'fe1757acdc935124ffee94c4b81b5baa218cc584')",Rename Variable,hikaricp/src/main/java/com/zaxxer/hikari/pool/HikariPool.java@p : null,src/main/java/com/zaxxer/hikari/pool/HikariPool.java@bagEntry : PoolBagEntry,"[BlameRes(sha1='e935fd3474e34e72b0f589b44e0a2d9c1f05ff91', oline='158', file_name='hikaricp/src/main/java/com/zaxxer/hikari/pool/HikariPool.java')]"
HikariCP,2,"('5eef10c395bffd1fd276e1a7fd42a37414d01e56', 'fe1757acdc935124ffee94c4b81b5baa218cc584')",Remove Method Modifier,hikaricp-common/src/main/java/com/zaxxer/hikari/pool/BaseHikariPool.java@protected abstract closeConnection(bagEntry PoolBagEntry) : void,"src/main/java/com/zaxxer/hikari/pool/HikariPool.java@protected closeConnection(bagEntry PoolBagEntry, closureReason String) : void","[BlameRes(sha1='55e1de98df8c10e38d506f754cf0bf010a1a9c6a', oline='316', file_name='hikaricp-common/src/main/java/com/zaxxer/hikari/pool/BaseHikariPool.java')]"
HikariCP,2,"('2af75237265f0ac27859d6c0c02b945e84a6c989', '60b3607fbcf153d43e5d05fab665e4aa186c05fb')",Remove Attribute Modifier,hikaricp-java6/src/main/java/com/zaxxer/hikari/util/PoolUtilities.java@private IS_JDBC40 : boolean,hikaricp-common/src/main/java/com/zaxxer/hikari/util/PoolUtilities.java@private IS_JDBC40 : boolean,"[BlameRes(sha1='15da1ea54a02c3aae881cdf6c4d7476ccfc906e5', oline='26', file_name='hikaricp-java6/src/main/java/com/zaxxer/hikari/util/PoolUtilities.java')]"
HikariCP,2,"('2af75237265f0ac27859d6c0c02b945e84a6c989', '60b3607fbcf153d43e5d05fab665e4aa186c05fb')",Remove Attribute Modifier,hikaricp-java6/src/main/java/com/zaxxer/hikari/util/PoolUtilities.java@private IS_JDBC41 : boolean,hikaricp-common/src/main/java/com/zaxxer/hikari/util/PoolUtilities.java@private IS_JDBC41 : boolean,"[BlameRes(sha1='15da1ea54a02c3aae881cdf6c4d7476ccfc906e5', oline='27', file_name='hikaricp-java6/src/main/java/com/zaxxer/hikari/util/PoolUtilities.java')]"
HikariCP,2,"('2af75237265f0ac27859d6c0c02b945e84a6c989', '60b3607fbcf153d43e5d05fab665e4aa186c05fb')",Remove Attribute Modifier,hikaricp-java6/src/main/java/com/zaxxer/hikari/util/PoolUtilities.java@private jdbc40checked : boolean,hikaricp-common/src/main/java/com/zaxxer/hikari/util/PoolUtilities.java@private jdbc40checked : boolean,"[BlameRes(sha1='15da1ea54a02c3aae881cdf6c4d7476ccfc906e5', oline='28', file_name='hikaricp-java6/src/main/java/com/zaxxer/hikari/util/PoolUtilities.java')]"
HikariCP,2,"('2af75237265f0ac27859d6c0c02b945e84a6c989', '60b3607fbcf153d43e5d05fab665e4aa186c05fb')",Remove Attribute Modifier,hikaricp-java6/src/main/java/com/zaxxer/hikari/util/PoolUtilities.java@private jdbc41checked : boolean,hikaricp-common/src/main/java/com/zaxxer/hikari/util/PoolUtilities.java@private jdbc41checked : boolean,"[BlameRes(sha1='15da1ea54a02c3aae881cdf6c4d7476ccfc906e5', oline='29', file_name='hikaricp-java6/src/main/java/com/zaxxer/hikari/util/PoolUtilities.java')]"
HikariCP,2,"('2af75237265f0ac27859d6c0c02b945e84a6c989', '60b3607fbcf153d43e5d05fab665e4aa186c05fb')",Remove Attribute Modifier,hikaricp-java6/src/main/java/com/zaxxer/hikari/util/PoolUtilities.java@private queryTimeoutSupported : boolean,hikaricp-common/src/main/java/com/zaxxer/hikari/util/PoolUtilities.java@private queryTimeoutSupported : boolean,"[BlameRes(sha1='80278987069f41e59816c2c91a782e8179883f28', oline='25', file_name='hikaricp-java6/src/main/java/com/zaxxer/hikari/util/PoolUtilities.java')]"
HikariCP,2,"('e29c52f7ee0e16ef8680dfdcf4a94eca23a836eb', '3afd4791c2e84b315591343cd55a1cbc704cd5b6')",Extract Class,hikaricp/src/main/java/com/zaxxer/hikari/pool/HikariPool.java@com.zaxxer.hikari.pool.HikariPool,hikaricp/src/main/java/com/zaxxer/hikari/pool/HikariPool.java@com.zaxxer.hikari.pool.HikariPool,"[BlameRes(sha1='e3486d88593ae7634bd43d1da8a2e3d981e79b0b', oline='24', file_name='src/main/java/com/zaxxer/hikari/HikariPool.java')]"
HikariCP,2,"('e29c52f7ee0e16ef8680dfdcf4a94eca23a836eb', '3afd4791c2e84b315591343cd55a1cbc704cd5b6')",Extract Class,hikaricp/src/main/java/com/zaxxer/hikari/HikariConfig.java@com.zaxxer.hikari.HikariConfig,hikaricp/src/main/java/com/zaxxer/hikari/HikariConfig.java@com.zaxxer.hikari.HikariConfig,"[BlameRes(sha1='1bfe6d4d014062cafe20f6ceeb3819ae18ddd8f6', oline='20', file_name='src/main/java/com/zaxxer/hikari/HikariConfig.java')]"
HikariCP,2,"('e29c52f7ee0e16ef8680dfdcf4a94eca23a836eb', '3afd4791c2e84b315591343cd55a1cbc704cd5b6')",Change Attribute Access Modifier,hikaricp/src/main/java/com/zaxxer/hikari/HikariConfig.java@private LOGGER : Logger,hikaricp-common/src/main/java/com/zaxxer/hikari/pool/BaseHikariPool.java@protected LOGGER : Logger,"[BlameRes(sha1='f131ad50053ae82bc1ef2959d1ef98369d40cbc4', oline='26', file_name='src/main/java/com/zaxxer/hikari/HikariConfig.java')]"
HikariCP,2,"('e29c52f7ee0e16ef8680dfdcf4a94eca23a836eb', '3afd4791c2e84b315591343cd55a1cbc704cd5b6')",Change Attribute Access Modifier,hikaricp/src/main/java/com/zaxxer/hikari/HikariConfig.java@private isIsolateInternalQueries : boolean,hikaricp-common/src/main/java/com/zaxxer/hikari/pool/BaseHikariPool.java@protected isIsolateInternalQueries : boolean,"[BlameRes(sha1='f131ad50053ae82bc1ef2959d1ef98369d40cbc4', oline='58', file_name='src/main/java/com/zaxxer/hikari/HikariConfig.java')]"
HikariCP,2,"('e29c52f7ee0e16ef8680dfdcf4a94eca23a836eb', '3afd4791c2e84b315591343cd55a1cbc704cd5b6')",Change Attribute Access Modifier,hikaricp/src/main/java/com/zaxxer/hikari/HikariConfig.java@private connectionTimeout : long,hikaricp-common/src/main/java/com/zaxxer/hikari/pool/BaseHikariPool.java@protected connectionTimeout : long,"[BlameRes(sha1='f131ad50053ae82bc1ef2959d1ef98369d40cbc4', oline='34', file_name='src/main/java/com/zaxxer/hikari/HikariConfig.java')]"
HikariCP,2,"('e29c52f7ee0e16ef8680dfdcf4a94eca23a836eb', '3afd4791c2e84b315591343cd55a1cbc704cd5b6')",Move Method,hikaricp/src/main/java/com/zaxxer/hikari/pool/HikariPool.java@public getDataSource() : DataSource,hikaricp-common/src/main/java/com/zaxxer/hikari/AbstractHikariConfig.java@public getDataSource() : DataSource,"[BlameRes(sha1='7d9b856e4f4ab1b3e0f3611b82057837a16a34dc', oline='211', file_name='hikaricp/src/main/java/com/zaxxer/hikari/pool/HikariPool.java')]"
HikariCP,2,"('e29c52f7ee0e16ef8680dfdcf4a94eca23a836eb', '3afd4791c2e84b315591343cd55a1cbc704cd5b6')",Move Attribute,hikaricp/src/main/java/com/zaxxer/hikari/pool/HikariPool.java@private LOGGER : Logger,hikaricp-common/src/main/java/com/zaxxer/hikari/AbstractHikariConfig.java@private LOGGER : Logger,"[BlameRes(sha1='a28a5949fd79b5f9e424e785495aca528e3fba6f', oline='45', file_name='hikaricp/src/main/java/com/zaxxer/hikari/pool/HikariPool.java')]"
HikariCP,2,"('e29c52f7ee0e16ef8680dfdcf4a94eca23a836eb', '3afd4791c2e84b315591343cd55a1cbc704cd5b6')",Move Attribute,hikaricp/src/main/java/com/zaxxer/hikari/pool/HikariPool.java@private connectionTimeout : long,hikaricp-common/src/main/java/com/zaxxer/hikari/AbstractHikariConfig.java@private connectionTimeout : long,"[BlameRes(sha1='a28a5949fd79b5f9e424e785495aca528e3fba6f', oline='74', file_name='hikaricp/src/main/java/com/zaxxer/hikari/pool/HikariPool.java')]"
HikariCP,2,"('e29c52f7ee0e16ef8680dfdcf4a94eca23a836eb', '3afd4791c2e84b315591343cd55a1cbc704cd5b6')",Move Attribute,hikaricp/src/main/java/com/zaxxer/hikari/pool/HikariPool.java@public catalog : String,hikaricp-common/src/main/java/com/zaxxer/hikari/AbstractHikariConfig.java@private catalog : String,"[BlameRes(sha1='7d9b856e4f4ab1b3e0f3611b82057837a16a34dc', oline='47', file_name='hikaricp/src/main/java/com/zaxxer/hikari/pool/HikariPool.java')]"
HikariCP,2,"('e29c52f7ee0e16ef8680dfdcf4a94eca23a836eb', '3afd4791c2e84b315591343cd55a1cbc704cd5b6')",Change Attribute Access Modifier,hikaricp/src/main/java/com/zaxxer/hikari/pool/HikariPool.java@public catalog : String,hikaricp-common/src/main/java/com/zaxxer/hikari/AbstractHikariConfig.java@private catalog : String,"[BlameRes(sha1='7d9b856e4f4ab1b3e0f3611b82057837a16a34dc', oline='47', file_name='hikaricp/src/main/java/com/zaxxer/hikari/pool/HikariPool.java')]"
HikariCP,2,"('e29c52f7ee0e16ef8680dfdcf4a94eca23a836eb', '3afd4791c2e84b315591343cd55a1cbc704cd5b6')",Remove Attribute Modifier,hikaricp/src/main/java/com/zaxxer/hikari/pool/HikariPool.java@public catalog : String,hikaricp-common/src/main/java/com/zaxxer/hikari/AbstractHikariConfig.java@private catalog : String,"[BlameRes(sha1='7d9b856e4f4ab1b3e0f3611b82057837a16a34dc', oline='47', file_name='hikaricp/src/main/java/com/zaxxer/hikari/pool/HikariPool.java')]"
HikariCP,2,"('e29c52f7ee0e16ef8680dfdcf4a94eca23a836eb', '3afd4791c2e84b315591343cd55a1cbc704cd5b6')",Move Attribute,hikaricp/src/main/java/com/zaxxer/hikari/pool/HikariPool.java@private password : String,hikaricp-common/src/main/java/com/zaxxer/hikari/AbstractHikariConfig.java@private password : String,"[BlameRes(sha1='a28a5949fd79b5f9e424e785495aca528e3fba6f', oline='66', file_name='hikaricp/src/main/java/com/zaxxer/hikari/pool/HikariPool.java')]"
HikariCP,2,"('e29c52f7ee0e16ef8680dfdcf4a94eca23a836eb', '3afd4791c2e84b315591343cd55a1cbc704cd5b6')",Remove Attribute Modifier,hikaricp/src/main/java/com/zaxxer/hikari/pool/HikariPool.java@private password : String,hikaricp-common/src/main/java/com/zaxxer/hikari/AbstractHikariConfig.java@private password : String,"[BlameRes(sha1='a28a5949fd79b5f9e424e785495aca528e3fba6f', oline='66', file_name='hikaricp/src/main/java/com/zaxxer/hikari/pool/HikariPool.java')]"
HikariCP,2,"('e29c52f7ee0e16ef8680dfdcf4a94eca23a836eb', '3afd4791c2e84b315591343cd55a1cbc704cd5b6')",Move Attribute,hikaricp/src/main/java/com/zaxxer/hikari/pool/HikariPool.java@private username : String,hikaricp-common/src/main/java/com/zaxxer/hikari/AbstractHikariConfig.java@private username : String,"[BlameRes(sha1='a28a5949fd79b5f9e424e785495aca528e3fba6f', oline='65', file_name='hikaricp/src/main/java/com/zaxxer/hikari/pool/HikariPool.java')]"
HikariCP,2,"('e29c52f7ee0e16ef8680dfdcf4a94eca23a836eb', '3afd4791c2e84b315591343cd55a1cbc704cd5b6')",Remove Attribute Modifier,hikaricp/src/main/java/com/zaxxer/hikari/pool/HikariPool.java@private username : String,hikaricp-common/src/main/java/com/zaxxer/hikari/AbstractHikariConfig.java@private username : String,"[BlameRes(sha1='a28a5949fd79b5f9e424e785495aca528e3fba6f', oline='65', file_name='hikaricp/src/main/java/com/zaxxer/hikari/pool/HikariPool.java')]"
HikariCP,2,"('e29c52f7ee0e16ef8680dfdcf4a94eca23a836eb', '3afd4791c2e84b315591343cd55a1cbc704cd5b6')",Move Attribute,hikaricp/src/main/java/com/zaxxer/hikari/pool/HikariPool.java@public isAutoCommit : boolean,hikaricp-common/src/main/java/com/zaxxer/hikari/AbstractHikariConfig.java@private isAutoCommit : boolean,"[BlameRes(sha1='a28a5949fd79b5f9e424e785495aca528e3fba6f', oline='49', file_name='hikaricp/src/main/java/com/zaxxer/hikari/pool/HikariPool.java')]"
HikariCP,2,"('e29c52f7ee0e16ef8680dfdcf4a94eca23a836eb', '3afd4791c2e84b315591343cd55a1cbc704cd5b6')",Change Attribute Access Modifier,hikaricp/src/main/java/com/zaxxer/hikari/pool/HikariPool.java@public isAutoCommit : boolean,hikaricp-common/src/main/java/com/zaxxer/hikari/AbstractHikariConfig.java@private isAutoCommit : boolean,"[BlameRes(sha1='a28a5949fd79b5f9e424e785495aca528e3fba6f', oline='49', file_name='hikaricp/src/main/java/com/zaxxer/hikari/pool/HikariPool.java')]"
HikariCP,2,"('e29c52f7ee0e16ef8680dfdcf4a94eca23a836eb', '3afd4791c2e84b315591343cd55a1cbc704cd5b6')",Remove Attribute Modifier,hikaricp/src/main/java/com/zaxxer/hikari/pool/HikariPool.java@public isAutoCommit : boolean,hikaricp-common/src/main/java/com/zaxxer/hikari/AbstractHikariConfig.java@private isAutoCommit : boolean,"[BlameRes(sha1='a28a5949fd79b5f9e424e785495aca528e3fba6f', oline='49', file_name='hikaricp/src/main/java/com/zaxxer/hikari/pool/HikariPool.java')]"
HikariCP,2,"('e29c52f7ee0e16ef8680dfdcf4a94eca23a836eb', '3afd4791c2e84b315591343cd55a1cbc704cd5b6')",Move Attribute,hikaricp/src/main/java/com/zaxxer/hikari/pool/HikariPool.java@public isReadOnly : boolean,hikaricp-common/src/main/java/com/zaxxer/hikari/AbstractHikariConfig.java@private isReadOnly : boolean,"[BlameRes(sha1='7d9b856e4f4ab1b3e0f3611b82057837a16a34dc', oline='49', file_name='hikaricp/src/main/java/com/zaxxer/hikari/pool/HikariPool.java')]"
HikariCP,2,"('e29c52f7ee0e16ef8680dfdcf4a94eca23a836eb', '3afd4791c2e84b315591343cd55a1cbc704cd5b6')",Change Attribute Access Modifier,hikaricp/src/main/java/com/zaxxer/hikari/pool/HikariPool.java@public isReadOnly : boolean,hikaricp-common/src/main/java/com/zaxxer/hikari/AbstractHikariConfig.java@private isReadOnly : boolean,"[BlameRes(sha1='7d9b856e4f4ab1b3e0f3611b82057837a16a34dc', oline='49', file_name='hikaricp/src/main/java/com/zaxxer/hikari/pool/HikariPool.java')]"
HikariCP,2,"('e29c52f7ee0e16ef8680dfdcf4a94eca23a836eb', '3afd4791c2e84b315591343cd55a1cbc704cd5b6')",Remove Attribute Modifier,hikaricp/src/main/java/com/zaxxer/hikari/pool/HikariPool.java@public isReadOnly : boolean,hikaricp-common/src/main/java/com/zaxxer/hikari/AbstractHikariConfig.java@private isReadOnly : boolean,"[BlameRes(sha1='7d9b856e4f4ab1b3e0f3611b82057837a16a34dc', oline='49', file_name='hikaricp/src/main/java/com/zaxxer/hikari/pool/HikariPool.java')]"
HikariCP,2,"('e29c52f7ee0e16ef8680dfdcf4a94eca23a836eb', '3afd4791c2e84b315591343cd55a1cbc704cd5b6')",Move Attribute,hikaricp/src/main/java/com/zaxxer/hikari/pool/HikariPool.java@private isIsolateInternalQueries : boolean,hikaricp-common/src/main/java/com/zaxxer/hikari/AbstractHikariConfig.java@private isIsolateInternalQueries : boolean,"[BlameRes(sha1='a28a5949fd79b5f9e424e785495aca528e3fba6f', oline='70', file_name='hikaricp/src/main/java/com/zaxxer/hikari/pool/HikariPool.java')]"
HikariCP,2,"('e29c52f7ee0e16ef8680dfdcf4a94eca23a836eb', '3afd4791c2e84b315591343cd55a1cbc704cd5b6')",Remove Attribute Modifier,hikaricp/src/main/java/com/zaxxer/hikari/pool/HikariPool.java@private isIsolateInternalQueries : boolean,hikaricp-common/src/main/java/com/zaxxer/hikari/AbstractHikariConfig.java@private isIsolateInternalQueries : boolean,"[BlameRes(sha1='a28a5949fd79b5f9e424e785495aca528e3fba6f', oline='70', file_name='hikaricp/src/main/java/com/zaxxer/hikari/pool/HikariPool.java')]"
HikariCP,2,"('e29c52f7ee0e16ef8680dfdcf4a94eca23a836eb', '3afd4791c2e84b315591343cd55a1cbc704cd5b6')",Move Attribute,hikaricp/src/main/java/com/zaxxer/hikari/pool/HikariPool.java@private dataSource : DataSource,hikaricp-common/src/main/java/com/zaxxer/hikari/AbstractHikariConfig.java@private dataSource : DataSource,"[BlameRes(sha1='f131ad50053ae82bc1ef2959d1ef98369d40cbc4', oline='44', file_name='src/main/java/com/zaxxer/hikari/pool/HikariPool.java')]"
HikariCP,2,"('e29c52f7ee0e16ef8680dfdcf4a94eca23a836eb', '3afd4791c2e84b315591343cd55a1cbc704cd5b6')",Remove Attribute Modifier,hikaricp/src/main/java/com/zaxxer/hikari/pool/HikariPool.java@private dataSource : DataSource,hikaricp-common/src/main/java/com/zaxxer/hikari/AbstractHikariConfig.java@private dataSource : DataSource,"[BlameRes(sha1='f131ad50053ae82bc1ef2959d1ef98369d40cbc4', oline='44', file_name='src/main/java/com/zaxxer/hikari/pool/HikariPool.java')]"
HikariCP,2,"('e29c52f7ee0e16ef8680dfdcf4a94eca23a836eb', '3afd4791c2e84b315591343cd55a1cbc704cd5b6')",Move Method,hikaricp/src/main/java/com/zaxxer/hikari/HikariConfig.java@public getDataSource() : DataSource,hikaricp-common/src/main/java/com/zaxxer/hikari/pool/BaseHikariPool.java@public getDataSource() : DataSource,"[BlameRes(sha1='f131ad50053ae82bc1ef2959d1ef98369d40cbc4', oline='189', file_name='src/main/java/com/zaxxer/hikari/HikariConfig.java')]"
HikariCP,2,"('e29c52f7ee0e16ef8680dfdcf4a94eca23a836eb', '3afd4791c2e84b315591343cd55a1cbc704cd5b6')",Move Attribute,hikaricp/src/main/java/com/zaxxer/hikari/HikariConfig.java@private LOGGER : Logger,hikaricp-common/src/main/java/com/zaxxer/hikari/pool/BaseHikariPool.java@protected LOGGER : Logger,"[BlameRes(sha1='f131ad50053ae82bc1ef2959d1ef98369d40cbc4', oline='26', file_name='src/main/java/com/zaxxer/hikari/HikariConfig.java')]"
HikariCP,2,"('e29c52f7ee0e16ef8680dfdcf4a94eca23a836eb', '3afd4791c2e84b315591343cd55a1cbc704cd5b6')",Move Attribute,hikaricp/src/main/java/com/zaxxer/hikari/HikariConfig.java@private catalog : String,hikaricp-common/src/main/java/com/zaxxer/hikari/pool/BaseHikariPool.java@public catalog : String,"[BlameRes(sha1='f131ad50053ae82bc1ef2959d1ef98369d40cbc4', oline='41', file_name='src/main/java/com/zaxxer/hikari/HikariConfig.java')]"
HikariCP,2,"('e29c52f7ee0e16ef8680dfdcf4a94eca23a836eb', '3afd4791c2e84b315591343cd55a1cbc704cd5b6')",Change Attribute Access Modifier,hikaricp/src/main/java/com/zaxxer/hikari/HikariConfig.java@private catalog : String,hikaricp-common/src/main/java/com/zaxxer/hikari/pool/BaseHikariPool.java@public catalog : String,"[BlameRes(sha1='f131ad50053ae82bc1ef2959d1ef98369d40cbc4', oline='41', file_name='src/main/java/com/zaxxer/hikari/HikariConfig.java')]"
HikariCP,2,"('e29c52f7ee0e16ef8680dfdcf4a94eca23a836eb', '3afd4791c2e84b315591343cd55a1cbc704cd5b6')",Add Attribute Modifier,hikaricp/src/main/java/com/zaxxer/hikari/HikariConfig.java@private catalog : String,hikaricp-common/src/main/java/com/zaxxer/hikari/pool/BaseHikariPool.java@public catalog : String,"[BlameRes(sha1='f131ad50053ae82bc1ef2959d1ef98369d40cbc4', oline='41', file_name='src/main/java/com/zaxxer/hikari/HikariConfig.java')]"
HikariCP,2,"('e29c52f7ee0e16ef8680dfdcf4a94eca23a836eb', '3afd4791c2e84b315591343cd55a1cbc704cd5b6')",Move Attribute,hikaricp/src/main/java/com/zaxxer/hikari/HikariConfig.java@private isReadOnly : boolean,hikaricp-common/src/main/java/com/zaxxer/hikari/pool/BaseHikariPool.java@public isReadOnly : boolean,"[BlameRes(sha1='f131ad50053ae82bc1ef2959d1ef98369d40cbc4', oline='55', file_name='src/main/java/com/zaxxer/hikari/HikariConfig.java')]"
HikariCP,2,"('e29c52f7ee0e16ef8680dfdcf4a94eca23a836eb', '3afd4791c2e84b315591343cd55a1cbc704cd5b6')",Change Attribute Access Modifier,hikaricp/src/main/java/com/zaxxer/hikari/HikariConfig.java@private isReadOnly : boolean,hikaricp-common/src/main/java/com/zaxxer/hikari/pool/BaseHikariPool.java@public isReadOnly : boolean,"[BlameRes(sha1='f131ad50053ae82bc1ef2959d1ef98369d40cbc4', oline='55', file_name='src/main/java/com/zaxxer/hikari/HikariConfig.java')]"
HikariCP,2,"('e29c52f7ee0e16ef8680dfdcf4a94eca23a836eb', '3afd4791c2e84b315591343cd55a1cbc704cd5b6')",Add Attribute Modifier,hikaricp/src/main/java/com/zaxxer/hikari/HikariConfig.java@private isReadOnly : boolean,hikaricp-common/src/main/java/com/zaxxer/hikari/pool/BaseHikariPool.java@public isReadOnly : boolean,"[BlameRes(sha1='f131ad50053ae82bc1ef2959d1ef98369d40cbc4', oline='55', file_name='src/main/java/com/zaxxer/hikari/HikariConfig.java')]"
HikariCP,2,"('e29c52f7ee0e16ef8680dfdcf4a94eca23a836eb', '3afd4791c2e84b315591343cd55a1cbc704cd5b6')",Move Attribute,hikaricp/src/main/java/com/zaxxer/hikari/HikariConfig.java@private isAutoCommit : boolean,hikaricp-common/src/main/java/com/zaxxer/hikari/pool/BaseHikariPool.java@public isAutoCommit : boolean,"[BlameRes(sha1='f131ad50053ae82bc1ef2959d1ef98369d40cbc4', oline='54', file_name='src/main/java/com/zaxxer/hikari/HikariConfig.java')]"
HikariCP,2,"('e29c52f7ee0e16ef8680dfdcf4a94eca23a836eb', '3afd4791c2e84b315591343cd55a1cbc704cd5b6')",Change Attribute Access Modifier,hikaricp/src/main/java/com/zaxxer/hikari/HikariConfig.java@private isAutoCommit : boolean,hikaricp-common/src/main/java/com/zaxxer/hikari/pool/BaseHikariPool.java@public isAutoCommit : boolean,"[BlameRes(sha1='f131ad50053ae82bc1ef2959d1ef98369d40cbc4', oline='54', file_name='src/main/java/com/zaxxer/hikari/HikariConfig.java')]"
HikariCP,2,"('e29c52f7ee0e16ef8680dfdcf4a94eca23a836eb', '3afd4791c2e84b315591343cd55a1cbc704cd5b6')",Add Attribute Modifier,hikaricp/src/main/java/com/zaxxer/hikari/HikariConfig.java@private isAutoCommit : boolean,hikaricp-common/src/main/java/com/zaxxer/hikari/pool/BaseHikariPool.java@public isAutoCommit : boolean,"[BlameRes(sha1='f131ad50053ae82bc1ef2959d1ef98369d40cbc4', oline='54', file_name='src/main/java/com/zaxxer/hikari/HikariConfig.java')]"
HikariCP,2,"('e29c52f7ee0e16ef8680dfdcf4a94eca23a836eb', '3afd4791c2e84b315591343cd55a1cbc704cd5b6')",Move Attribute,hikaricp/src/main/java/com/zaxxer/hikari/HikariConfig.java@private isIsolateInternalQueries : boolean,hikaricp-common/src/main/java/com/zaxxer/hikari/pool/BaseHikariPool.java@protected isIsolateInternalQueries : boolean,"[BlameRes(sha1='f131ad50053ae82bc1ef2959d1ef98369d40cbc4', oline='58', file_name='src/main/java/com/zaxxer/hikari/HikariConfig.java')]"
HikariCP,2,"('e29c52f7ee0e16ef8680dfdcf4a94eca23a836eb', '3afd4791c2e84b315591343cd55a1cbc704cd5b6')",Add Attribute Modifier,hikaricp/src/main/java/com/zaxxer/hikari/HikariConfig.java@private isIsolateInternalQueries : boolean,hikaricp-common/src/main/java/com/zaxxer/hikari/pool/BaseHikariPool.java@protected isIsolateInternalQueries : boolean,"[BlameRes(sha1='f131ad50053ae82bc1ef2959d1ef98369d40cbc4', oline='58', file_name='src/main/java/com/zaxxer/hikari/HikariConfig.java')]"
HikariCP,2,"('e29c52f7ee0e16ef8680dfdcf4a94eca23a836eb', '3afd4791c2e84b315591343cd55a1cbc704cd5b6')",Move Attribute,hikaricp/src/main/java/com/zaxxer/hikari/HikariConfig.java@private connectionTimeout : long,hikaricp-common/src/main/java/com/zaxxer/hikari/pool/BaseHikariPool.java@protected connectionTimeout : long,"[BlameRes(sha1='f131ad50053ae82bc1ef2959d1ef98369d40cbc4', oline='34', file_name='src/main/java/com/zaxxer/hikari/HikariConfig.java')]"
HikariCP,2,"('e29c52f7ee0e16ef8680dfdcf4a94eca23a836eb', '3afd4791c2e84b315591343cd55a1cbc704cd5b6')",Move Attribute,hikaricp/src/main/java/com/zaxxer/hikari/HikariConfig.java@private dataSource : DataSource,hikaricp-common/src/main/java/com/zaxxer/hikari/pool/BaseHikariPool.java@private dataSource : DataSource,"[BlameRes(sha1='f131ad50053ae82bc1ef2959d1ef98369d40cbc4', oline='61', file_name='src/main/java/com/zaxxer/hikari/HikariConfig.java')]"
HikariCP,2,"('e29c52f7ee0e16ef8680dfdcf4a94eca23a836eb', '3afd4791c2e84b315591343cd55a1cbc704cd5b6')",Add Attribute Modifier,hikaricp/src/main/java/com/zaxxer/hikari/HikariConfig.java@private dataSource : DataSource,hikaricp-common/src/main/java/com/zaxxer/hikari/pool/BaseHikariPool.java@private dataSource : DataSource,"[BlameRes(sha1='f131ad50053ae82bc1ef2959d1ef98369d40cbc4', oline='61', file_name='src/main/java/com/zaxxer/hikari/HikariConfig.java')]"
HikariCP,2,"('e29c52f7ee0e16ef8680dfdcf4a94eca23a836eb', '3afd4791c2e84b315591343cd55a1cbc704cd5b6')",Move Attribute,hikaricp/src/main/java/com/zaxxer/hikari/HikariConfig.java@private username : String,hikaricp-common/src/main/java/com/zaxxer/hikari/pool/BaseHikariPool.java@private username : String,"[BlameRes(sha1='f131ad50053ae82bc1ef2959d1ef98369d40cbc4', oline='53', file_name='src/main/java/com/zaxxer/hikari/HikariConfig.java')]"
HikariCP,2,"('e29c52f7ee0e16ef8680dfdcf4a94eca23a836eb', '3afd4791c2e84b315591343cd55a1cbc704cd5b6')",Add Attribute Modifier,hikaricp/src/main/java/com/zaxxer/hikari/HikariConfig.java@private username : String,hikaricp-common/src/main/java/com/zaxxer/hikari/pool/BaseHikariPool.java@private username : String,"[BlameRes(sha1='f131ad50053ae82bc1ef2959d1ef98369d40cbc4', oline='53', file_name='src/main/java/com/zaxxer/hikari/HikariConfig.java')]"
HikariCP,2,"('e29c52f7ee0e16ef8680dfdcf4a94eca23a836eb', '3afd4791c2e84b315591343cd55a1cbc704cd5b6')",Move Attribute,hikaricp/src/main/java/com/zaxxer/hikari/HikariConfig.java@private password : String,hikaricp-common/src/main/java/com/zaxxer/hikari/pool/BaseHikariPool.java@private password : String,"[BlameRes(sha1='f131ad50053ae82bc1ef2959d1ef98369d40cbc4', oline='50', file_name='src/main/java/com/zaxxer/hikari/HikariConfig.java')]"
HikariCP,2,"('e29c52f7ee0e16ef8680dfdcf4a94eca23a836eb', '3afd4791c2e84b315591343cd55a1cbc704cd5b6')",Add Attribute Modifier,hikaricp/src/main/java/com/zaxxer/hikari/HikariConfig.java@private password : String,hikaricp-common/src/main/java/com/zaxxer/hikari/pool/BaseHikariPool.java@private password : String,"[BlameRes(sha1='f131ad50053ae82bc1ef2959d1ef98369d40cbc4', oline='50', file_name='src/main/java/com/zaxxer/hikari/HikariConfig.java')]"
HikariCP,2,"('451900cbd7c383497d159099346aab43906b6122', '2844fa1a0b06187323c21813c7e0d7b72dd8607a')",Change Return Type,hikaricp-java6/src/main/java/com/zaxxer/hikari/proxy/StatementProxy.java@void,hikaricp-java6/src/main/java/com/zaxxer/hikari/proxy/StatementProxy.java@SQLException,"[BlameRes(sha1='f131ad50053ae82bc1ef2959d1ef98369d40cbc4', oline='22', file_name='src/main/java/com/zaxxer/hikari/proxy/StatementProxy.java')]"
HikariCP,2,"('89602d60ed30f78852ffeae2d19a543e56e71270', '6b95dc3381ef77f7f6d76c6a5c5bc89a04560172')",Add Class Modifier,src/main/java/com/zaxxer/hikari/SpecializedConcurrentBag.java@com.zaxxer.hikari.SpecializedConcurrentBag.Synchronizer,src/main/java/com/zaxxer/hikari/util/SpecializedConcurrentBag.java@com.zaxxer.hikari.util.SpecializedConcurrentBag.Synchronizer,"[BlameRes(sha1='40e79fa3f2de8bbc58ecdb071bc62bfc103b1e76', oline='137', file_name='src/main/java/com/zaxxer/hikari/SpecializedConcurrentBag.java')]"
HikariCP,2,"('23654c52237b51bcdcc3544965f9349c5bdd230a', '04ea8aa779237fe026c5c5038f057dba3caa3b8b')",Move And Rename Method,src/main/java/com/zaxxer/hikari/javassist/HikariInstrumentationAgent.java@private searchInstrumentableJar(searchPath String) : boolean,src/main/java/com/zaxxer/hikari/javassist/HikariClassScanner.java@private scanInstrumentableJar(searchPath String) : boolean,"[BlameRes(sha1='e5a6b68b78d43139ffd7744fa65d402fd9309899', oline='130', file_name='src/main/java/com/zaxxer/hikari/proxy/HikariInstrumentationAgent.java')]"
HikariCP,3,"('874780d9fdc3c5b80d230790cec5894673dfcb78', '39a97a1603451aebdf12870b717ad09274906ff2', 'cd99c2ac14d963e024febd66cc84ef02f8d844f5')",Change Variable Type,src/test/java/com/zaxxer/hikari/pool/ConnectionPoolSizeVsThreadsTest.java@maxTotal : int,src/test/java/com/zaxxer/hikari/pool/ConnectionPoolSizeVsThreadsTest.java@clockSource : ClockSource,"[BlameRes(sha1='a9b7f50de0a8726742e67b795fcfeb13b554c051', oline='76', file_name='src/test/java/com/zaxxer/hikari/pool/ConnectionPoolSizeVsThreadsTest.java')]"
HikariCP,3,"('874780d9fdc3c5b80d230790cec5894673dfcb78', '39a97a1603451aebdf12870b717ad09274906ff2', 'cd99c2ac14d963e024febd66cc84ef02f8d844f5')",Rename Variable,src/test/java/com/zaxxer/hikari/pool/ConnectionPoolSizeVsThreadsTest.java@maxTotal : int,src/test/java/com/zaxxer/hikari/pool/ConnectionPoolSizeVsThreadsTest.java@clockSource : ClockSource,"[BlameRes(sha1='a9b7f50de0a8726742e67b795fcfeb13b554c051', oline='76', file_name='src/test/java/com/zaxxer/hikari/pool/ConnectionPoolSizeVsThreadsTest.java')]"
HikariCP,3,"('d1d31ebd61bf3e97d9edcfe72a06f74f916e56b5', 'b7c069f90b0c9bbd77a4182b38b04d85ac8b4403', 'd787d105334ea86540842770397da087af40efaf')",Rename Variable,src/main/java/com/zaxxer/hikari/util/FastStatementList.java@oob : ArrayIndexOutOfBoundsException,src/main/java/com/zaxxer/hikari/util/FastList.java@e : ArrayIndexOutOfBoundsException,"[BlameRes(sha1='8f95eb5b4a9eb0e14f5e91190efd4b1b232aedf1', oline='29', file_name='src/main/java/com/zaxxer/hikari/util/FastStatementList.java')]"
HikariCP,3,"('c6a556f825779b418a94b2b920c4afa027110661', '8578783b126080131ff7e51f307064e791cab008', '7a7f32a845111b08d0046dd5088343a6e22acd3f')",Rename Variable,src/main/java/com/zaxxer/hikari/pool/HikariPool.java@variance : long,src/main/java/com/zaxxer/hikari/pool/HikariPool.java@randomIntervalInMillis : long,"[BlameRes(sha1='728549472710e8afe0ac5bf70507f6d31f3b53ce', oline='399', file_name='src/main/java/com/zaxxer/hikari/pool/HikariPool.java')]"
HikariCP,3,"('782726ca41ba26ef67719bf316b06f96a11d8fdc', 'e29c52f7ee0e16ef8680dfdcf4a94eca23a836eb', '3afd4791c2e84b315591343cd55a1cbc704cd5b6')",Add Method Modifier,hikaricp/src/main/java/com/zaxxer/hikari/HikariConfig.java@public getDataSource() : DataSource,hikaricp-common/src/main/java/com/zaxxer/hikari/pool/BaseHikariPool.java@public getDataSource() : DataSource,"[BlameRes(sha1='f131ad50053ae82bc1ef2959d1ef98369d40cbc4', oline='189', file_name='src/main/java/com/zaxxer/hikari/HikariConfig.java')]"
HikariCP,3,"('b71245ea2c4b468ccabf743b53028ae4d6150b5f', '0fe067703957829a21e54555257e772253c4064e', '45934542ca931768f7181920585d3b8acc38abb6')",Replace Variable With Attribute,hikaricp-java6/src/main/java/com/zaxxer/hikari/util/LeakTask.java@e : LeakException,hikaricp-java6/src/main/java/com/zaxxer/hikari/util/LeakTask.java@exception : Exception,"[BlameRes(sha1='4db1659e73d31c3662985f4902479a69e25c62c7', oline='36', file_name='hikaricp-java6/src/main/java/com/zaxxer/hikari/util/LeakTask.java')]"
HikariCP,3,"('b71245ea2c4b468ccabf743b53028ae4d6150b5f', '0fe067703957829a21e54555257e772253c4064e', '45934542ca931768f7181920585d3b8acc38abb6')",Replace Variable With Attribute,hikaricp/src/main/java/com/zaxxer/hikari/util/LeakTask.java@e : LeakException,hikaricp/src/main/java/com/zaxxer/hikari/util/LeakTask.java@exception : Exception,"[BlameRes(sha1='4db1659e73d31c3662985f4902479a69e25c62c7', oline='36', file_name='hikaricp/src/main/java/com/zaxxer/hikari/util/LeakTask.java')]"
HikariCP,3,"('b71245ea2c4b468ccabf743b53028ae4d6150b5f', '0fe067703957829a21e54555257e772253c4064e', '45934542ca931768f7181920585d3b8acc38abb6')",Change Variable Type,hikaricp-java6/src/main/java/com/zaxxer/hikari/util/LeakTask.java@e : LeakException,hikaricp-java6/src/main/java/com/zaxxer/hikari/util/LeakTask.java@exception : Exception,"[BlameRes(sha1='4db1659e73d31c3662985f4902479a69e25c62c7', oline='36', file_name='hikaricp-java6/src/main/java/com/zaxxer/hikari/util/LeakTask.java')]"
HikariCP,3,"('b71245ea2c4b468ccabf743b53028ae4d6150b5f', '0fe067703957829a21e54555257e772253c4064e', '45934542ca931768f7181920585d3b8acc38abb6')",Change Variable Type,hikaricp/src/main/java/com/zaxxer/hikari/util/LeakTask.java@e : LeakException,hikaricp/src/main/java/com/zaxxer/hikari/util/LeakTask.java@exception : Exception,"[BlameRes(sha1='4db1659e73d31c3662985f4902479a69e25c62c7', oline='36', file_name='hikaricp/src/main/java/com/zaxxer/hikari/util/LeakTask.java')]"
HikariCP,3,"('3b908a4888dd93662866ad059b28580f46cf681a', 'cb642e027f06257af94d88f57331dae986f4047d', '2acf469601502f0670dfeb746b848597d5ef4039')",Move Attribute,src/test/java/com/zaxxer/hikari/metrics/prometheus/PrometheusMetricsTrackerTest.java@private collectorRegistry : CollectorRegistry,src/main/java/com/zaxxer/hikari/metrics/prometheus/PrometheusHistogramMetricsTrackerFactory.java@private collectorRegistry : CollectorRegistry,"[BlameRes(sha1='02aa10bb6f09bd1030ea749b375d85d1a31f7949', oline='20', file_name='src/test/java/com/zaxxer/hikari/metrics/prometheus/PrometheusMetricsTrackerTest.java')]"
HikariCP,3,"('3b908a4888dd93662866ad059b28580f46cf681a', 'cb642e027f06257af94d88f57331dae986f4047d', '2acf469601502f0670dfeb746b848597d5ef4039')",Move Attribute,src/test/java/com/zaxxer/hikari/metrics/prometheus/PrometheusMetricsTrackerTest.java@private collectorRegistry : CollectorRegistry,src/test/java/com/zaxxer/hikari/metrics/prometheus/PrometheusHistogramMetricsTrackerTest.java@private collectorRegistry : CollectorRegistry,"[BlameRes(sha1='02aa10bb6f09bd1030ea749b375d85d1a31f7949', oline='20', file_name='src/test/java/com/zaxxer/hikari/metrics/prometheus/PrometheusMetricsTrackerTest.java')]"
HikariCP,3,"('3b908a4888dd93662866ad059b28580f46cf681a', 'cb642e027f06257af94d88f57331dae986f4047d', '2acf469601502f0670dfeb746b848597d5ef4039')",Move Method,src/main/java/com/zaxxer/hikari/metrics/prometheus/PrometheusMetricsTrackerFactory.java@private getCollector() : HikariCPCollector,src/main/java/com/zaxxer/hikari/metrics/prometheus/PrometheusHistogramMetricsTrackerFactory.java@private getCollector() : HikariCPCollector,"[BlameRes(sha1='aa4e900ae8613563f7ff2bdb2555add29b0924a4', oline='18', file_name='src/main/java/com/zaxxer/hikari/metrics/prometheus/PrometheusMetricsTrackerFactory.java')]"
HikariCP,3,"('3b908a4888dd93662866ad059b28580f46cf681a', 'cb642e027f06257af94d88f57331dae986f4047d', '2acf469601502f0670dfeb746b848597d5ef4039')",Move Method,src/test/java/com/zaxxer/hikari/metrics/dropwizard/CodaHaleMetricsTrackerTest.java@private poolStats() : PoolStats,src/test/java/com/zaxxer/hikari/metrics/prometheus/PrometheusHistogramMetricsTrackerFactoryTest.java@private poolStats() : PoolStats,"[BlameRes(sha1='143278e7f72268cf357d5575181c8e9ab8689062', oline='43', file_name='src/test/java/com/zaxxer/hikari/metrics/dropwizard/CodaHaleMetricsTrackerTest.java')]"
HikariCP,3,"('3b908a4888dd93662866ad059b28580f46cf681a', 'cb642e027f06257af94d88f57331dae986f4047d', '2acf469601502f0670dfeb746b848597d5ef4039')",Move Method,src/test/java/com/zaxxer/hikari/metrics/prometheus/PrometheusMetricsTrackerFactoryTest.java@private poolStats() : PoolStats,src/test/java/com/zaxxer/hikari/metrics/prometheus/PrometheusHistogramMetricsTrackerFactoryTest.java@private poolStats() : PoolStats,"[BlameRes(sha1='02aa10bb6f09bd1030ea749b375d85d1a31f7949', oline='67', file_name='src/test/java/com/zaxxer/hikari/metrics/prometheus/PrometheusMetricsTrackerFactoryTest.java')]"
HikariCP,3,"('41e3aa56d151bca7b781548e983fc5d8d3ab9966', '4124117dfefbcc79ff9b24df92fe846162ffe8d7', '9fd1eb34987b771f6fd478ca95254b8cfcd28ddc')",Change Variable Type,src/main/java/com/zaxxer/hikari/util/ConcurrentBag.java@list : ArrayList<WeakReference<IConcurrentBagEntry>>,src/main/java/com/zaxxer/hikari/util/ConcurrentBag.java@threadLocalList : List,"[BlameRes(sha1='7783d614ef1e2cbe9d0b34f9a32eb03105b122c5', oline='88', file_name='hikaricp-common/src/main/java/com/zaxxer/hikari/util/ConcurrentBag.java')]"
HikariCP,3,"('41e3aa56d151bca7b781548e983fc5d8d3ab9966', '4124117dfefbcc79ff9b24df92fe846162ffe8d7', '9fd1eb34987b771f6fd478ca95254b8cfcd28ddc')",Rename Variable,src/main/java/com/zaxxer/hikari/util/ConcurrentBag.java@list : ArrayList<WeakReference<IConcurrentBagEntry>>,src/main/java/com/zaxxer/hikari/util/ConcurrentBag.java@threadLocalList : List,"[BlameRes(sha1='7783d614ef1e2cbe9d0b34f9a32eb03105b122c5', oline='88', file_name='hikaricp-common/src/main/java/com/zaxxer/hikari/util/ConcurrentBag.java')]"
HikariCP,4,"('8745ca1c6d1ca03b4f11e01e30906be86ebd9b0e', '03ecfdce3ac7fce9689cdd5cdd329797f109d7cd', '3837112dac3a5c1f05bcb3650a10c09a2c3ba722', '56112225d7a1857d805d70f6c50fe852bd6dbada')",Rename Variable,src/main/java/com/zaxxer/hikari/HikariPool.java@startMs : long,src/main/java/com/zaxxer/hikari/HikariPool.java@now : long,"[BlameRes(sha1='7e688ef19528034f71692480f5bf8c53e1832e01', oline='280', file_name='src/main/java/com/zaxxer/hikari/HikariPool.java')]"
HikariCP,4,"('ec64658a5b999828b1f3ed598a20db1665aa4f36', 'f5f3e711d1cea5e32b2348bfbc3de6a32f5557db', '56f807d6f5e8a48705373a35237652f6e0863f2e', 'e0b5f65fa3d79a0ca83e914a7748daf35c471f7f')",Add Method Modifier,src/main/java/com/zaxxer/hikari/proxy/ConnectionProxy.java@public setAutoCommit(autoCommit boolean) : void,src/main/java/com/zaxxer/hikari/proxy/ConnectionProxy.java@public setAutoCommit(autoCommit boolean) : void,"[BlameRes(sha1='4a053bf924963aee75ec8aff3c95f3c797baab90', oline='453', file_name='src/main/java/com/zaxxer/hikari/proxy/ConnectionProxy.java')]"
HikariCP,4,"('8208d67dd8e566b80ec95d7183eb9758589de3b7', '10cf6127777cde488e278674d1f1301b7a56f214', 'dc2b9a3c7a85ee517af272c0c6e038b58d07b559', '289e4df34e53a37d4ec32561f71ff5e198c91b2b')",Remove Method Annotation,hikaricp/src/main/java/com/zaxxer/hikari/pool/HikariPool.java@@Override,hikaricp-common/src/main/java/com/zaxxer/hikari/pool/BaseHikariPool.java@private isConnectionAlive(connection Connection) : boolean,"[BlameRes(sha1='da5f5f3c1c8a9fc7126a6ad8284b976a648142bb', oline='79', file_name='hikaricp/src/main/java/com/zaxxer/hikari/pool/HikariPool.java')]"
HikariCP,4,"('8208d67dd8e566b80ec95d7183eb9758589de3b7', '10cf6127777cde488e278674d1f1301b7a56f214', 'dc2b9a3c7a85ee517af272c0c6e038b58d07b559', '289e4df34e53a37d4ec32561f71ff5e198c91b2b')",Change Method Access Modifier,hikaricp/src/main/java/com/zaxxer/hikari/pool/HikariPool.java@protected isConnectionAlive(connection Connection) : boolean,hikaricp-common/src/main/java/com/zaxxer/hikari/pool/BaseHikariPool.java@private isConnectionAlive(connection Connection) : boolean,"[BlameRes(sha1='da5f5f3c1c8a9fc7126a6ad8284b976a648142bb', oline='79', file_name='hikaricp/src/main/java/com/zaxxer/hikari/pool/HikariPool.java')]"
HikariCP,4,"('8208d67dd8e566b80ec95d7183eb9758589de3b7', '10cf6127777cde488e278674d1f1301b7a56f214', 'dc2b9a3c7a85ee517af272c0c6e038b58d07b559', '289e4df34e53a37d4ec32561f71ff5e198c91b2b')",Pull Up Method,hikaricp/src/main/java/com/zaxxer/hikari/pool/HikariPool.java@protected isConnectionAlive(connection Connection) : boolean,hikaricp-common/src/main/java/com/zaxxer/hikari/pool/BaseHikariPool.java@private isConnectionAlive(connection Connection) : boolean,"[BlameRes(sha1='da5f5f3c1c8a9fc7126a6ad8284b976a648142bb', oline='79', file_name='hikaricp/src/main/java/com/zaxxer/hikari/pool/HikariPool.java')]"
HikariCP,4,"('906654ee1f56e29771b588455779246e45656b43', 'd05ea858c968ab50b3467ac3e96dc715b8a7e35e', '5bdd81260cac545b2968884cf45776e5e60c813b', '2b05768f08643c9da6992358114a5bf5eeacf155')",Parameterize Variable,src/main/java/com/zaxxer/hikari/pool/HikariPool.java@throwable : Throwable,src/main/java/com/zaxxer/hikari/pool/HikariPool.java@t : Throwable,"[BlameRes(sha1='8f4dbfef2af0d4e0b4df20eaaa8c9e12a1d9f5af', oline='415', file_name='src/main/java/com/zaxxer/hikari/pool/HikariPool.java')]"
HikariCP,5,"('653f4107b370cc3051c0f35c0f8b3fcfe0d72c95', '542316d02690c0c2e4efe234db6b0d4785e9f25c', 'ea7ea6372bbe62ee71390a5d10d0b3cfe549869c', '9aca509daa0092579f85374ea605bf998973c474', 'a100775797b9c6cfac38a894b0cddfec5182b5da')",Extract Variable,src/main/java/com/zaxxer/hikari/pool/PoolBase.java@,src/main/java/com/zaxxer/hikari/pool/PoolBase.java@threadFactory : ThreadFactory,"[BlameRes(sha1='4f334fa66df55f17f6f306a10234f4f59af7e8ad', oline='184', file_name='src/main/java/com/zaxxer/hikari/pool/PoolUtilities.java')]"
HikariCP,5,"('c3964f1962e9d4711a136089992d27551f108c80', '84e24ff62002fb865dfe8ff4226cddbace879b97', '17acf5c9b50f4e110474de4f23076d2335ebc6d9', '092976a804a18788612b357a93ab41f18a8f6bd3', '9afe119cf6f26c9b0ee5c5417ab9adfe3fab0ffa')",Extract And Move Method,src/main/java/com/zaxxer/hikari/pool/HikariPool.java@public releaseConnection(connectionProxy IHikariConnectionProxy) : void,src/main/java/com/zaxxer/hikari/util/PoolUtilities.java@public elapsedTimeMs(start long) : long,"[BlameRes(sha1='49fb52c16a74f670a97892bb94068fb0f0500b0b', oline='134', file_name='src/main/java/com/zaxxer/hikari/HikariPool.java')]"
HikariCP,5,"('81acb25e508824ec3fe6d28af1b8da0404fcf621', '5e884916b0dc69f06839c609573c4ffca68b6d77', '734ba72a8f11401c6145480192ac99802b09c744', 'dd38f74d985058b654b5b56af827668f20027588', '5eed31a3781e59ef2b1ba101db56beb4ec777f9f')",Rename Class,src/test/java/com/zaxxer/hikari/performance/Benchmarks.java@com.zaxxer.hikari.performance.Benchmarks.Runner,src/test/java/com/zaxxer/hikari/performance/Benchmarks.java@com.zaxxer.hikari.performance.Benchmarks.SillyRunner,"[BlameRes(sha1='cbede5c9e8843e49ea2e0c62c1b334d22361f3fe', oline='85', file_name='src/test/java/com/zaxxer/hikari/performance/Benchmarks.java')]"
HikariCP,5,"('88513d40ecc63b6d89ec1b522e5d84fb872b623c', '2841d0c04d1df6411c501decc712d6e47432ad63', 'b8661c98513ab7e0ee91bf9ddad50577439f591f', '14a891f23d987fb0958ce69a74b40f61e8519c6a', '16ab24faf9d8cb2adb3241c1162e91a40b7db803')",Change Attribute Access Modifier,core/src/main/java/com/zaxxer/hikari/proxy/ConnectionProxy.java@protected _isClosed : ThreadLocal<Boolean>,core/src/main/java/com/zaxxer/hikari/proxy/ConnectionProxy.java@private isClosed : ThreadLocal<Boolean>,"[BlameRes(sha1='5706133fb9d4163abd8a7a45d6fc100b93d6637a', oline='25', file_name='core/src/main/java/com/zaxxer/hikari/proxy/ConnectionProxy.java')]"
HikariCP,5,"('321fc3796f11e5b36a90e8c9c10bbe3fd4bd9cda', 'bc24254c5e5b771570c27a68da0c486a87545ba8', '86156e076886b091e5986db116facaae8179b782', '82987a7b29519a9487a4cb4de1fd44eca83cea9f', '72640df39b67ed07a44955c27d838fa0ae727cdf')",Encapsulate Attribute,src/main/java/com/zaxxer/hikari/proxy/StatementProxy.java@protected connection : ConnectionProxy,src/main/java/com/zaxxer/hikari/proxy/StatementProxy.java@protected _connection : IHikariConnectionProxy,"[BlameRes(sha1='150fc3aab5eb1e9b9ada473984834285332f1449', oline='12', file_name='src/main/java/com/zaxxer/hikari/proxy/StatementProxy.java')]"
HikariCP,5,"('ae61b04c845da7f275bf476f2e02bbaae23de1a4', 'de91ca5aff6d6828c17bb628d6bf9146b1feacd4', '006d29d220755894893fc34ed70130029ba80aa5', '532e6054afa49d5e4f603c4e599fc7ac6bf6c862', '2ce7a46126ccbd342ff82d74250c633f270498b1')",Inline Variable,src/test/java/com/zaxxer/hikari/ShutdownTest.java@threadCountStart : int,src/test/java/com/zaxxer/hikari/ShutdownTest.java@,"[BlameRes(sha1='ffdde6ab3fa3ae6b30d7e028631cbf83b8d68c46', oline='140', file_name='src/test/java/com/zaxxer/hikari/ShutdownTest.java')]"
