Repository,Granularity level,fine-grained commits,CGR type,CGR left,CGR right,CGR traced location,Cause
javapoet,2,"('2569560e87fb20b08e2578489e123dee5aed8e0d', 'beb0a16d4b4bb24d0fb23873a96c6a85eedde0ac')",Rename Attribute,src/main/java/com/squareup/javawriter/AnonymousClassWriter.java@methodWriters : List<MethodWriter>,src/main/java/com/squareup/javawriter/AnonymousClassWriter.java@body : ClassBodyWriter,"[BlameRes(sha1='cb222bb29a61fda020daa72454ade11446fc9b7e', oline='27', file_name='src/main/java/com/squareup/javawriter/AnonymousClassWriter.java')]"
javapoet,2,"('2569560e87fb20b08e2578489e123dee5aed8e0d', 'beb0a16d4b4bb24d0fb23873a96c6a85eedde0ac')",Change Attribute Type,src/main/java/com/squareup/javawriter/AnonymousClassWriter.java@methodWriters : List<MethodWriter>,src/main/java/com/squareup/javawriter/AnonymousClassWriter.java@body : ClassBodyWriter,"[BlameRes(sha1='cb222bb29a61fda020daa72454ade11446fc9b7e', oline='27', file_name='src/main/java/com/squareup/javawriter/AnonymousClassWriter.java')]"
javapoet,2,"('2569560e87fb20b08e2578489e123dee5aed8e0d', 'beb0a16d4b4bb24d0fb23873a96c6a85eedde0ac')",Replace Variable With Attribute,src/main/java/com/squareup/javawriter/AnonymousClassWriter.java@methodWriter : MethodWriter,src/main/java/com/squareup/javawriter/AnonymousClassWriter.java@body : ClassBodyWriter,"[BlameRes(sha1='cb222bb29a61fda020daa72454ade11446fc9b7e', oline='117', file_name='src/main/java/com/squareup/javawriter/AnonymousClassWriter.java')]"
javapoet,2,"('2569560e87fb20b08e2578489e123dee5aed8e0d', 'beb0a16d4b4bb24d0fb23873a96c6a85eedde0ac')",Change Variable Type,src/main/java/com/squareup/javawriter/AnonymousClassWriter.java@methodWriter : MethodWriter,src/main/java/com/squareup/javawriter/AnonymousClassWriter.java@body : ClassBodyWriter,"[BlameRes(sha1='cb222bb29a61fda020daa72454ade11446fc9b7e', oline='117', file_name='src/main/java/com/squareup/javawriter/AnonymousClassWriter.java')]"
javapoet,3,"('4abdcb67702047de9e8cde306a79ad0c9d4a2877', 'c4c105f2cf5536ee4f9756a82c6f4af303fbf442', '7f3ac27d7369f263a583f275bf6ecdaa601815d2')",Pull Up Attribute,compiler/src/main/java/dagger/internal/codegen/writer/InterfaceWriter.java@private nestedTypeWriters : List<TypeWriter>,compiler/src/main/java/dagger/internal/codegen/writer/TypeWriter.java@package nestedTypeWriters : List<TypeWriter>,"[BlameRes(sha1='fc37c03bfdd97b12fd5f95e22b433d4d83a683a7', oline='15', file_name='compiler/src/main/java/dagger/internal/codegen/writer/InterfaceWriter.java')]"
javapoet,3,"('4abdcb67702047de9e8cde306a79ad0c9d4a2877', 'c4c105f2cf5536ee4f9756a82c6f4af303fbf442', '7f3ac27d7369f263a583f275bf6ecdaa601815d2')",Change Attribute Access Modifier,compiler/src/main/java/dagger/internal/codegen/writer/InterfaceWriter.java@private nestedTypeWriters : List<TypeWriter>,compiler/src/main/java/dagger/internal/codegen/writer/TypeWriter.java@package nestedTypeWriters : List<TypeWriter>,"[BlameRes(sha1='fc37c03bfdd97b12fd5f95e22b433d4d83a683a7', oline='15', file_name='compiler/src/main/java/dagger/internal/codegen/writer/InterfaceWriter.java')]"
javapoet,5,"('838c38dfd1732c5d7022176f7c2a34faf9c24e02', '8ecd4aaa510622230f7ee5fd876027e7de48e9c4', '5cbd956726291293cb507de56ad673669cd9e994', 'e0893f5759a5d6fe83847d869a3978a4b5ff53ab', '26c62c91f4ab60bf33bc1337c4b7705a9b114494')",Pull Up Attribute,compiler/src/main/java/dagger/internal/codegen/writer/InterfaceWriter.java@private methodWriters : List<MethodWriter>,compiler/src/main/java/dagger/internal/codegen/writer/TypeWriter.java@package methodWriters : List<MethodWriter>,"[BlameRes(sha1='fc37c03bfdd97b12fd5f95e22b433d4d83a683a7', oline='14', file_name='compiler/src/main/java/dagger/internal/codegen/writer/InterfaceWriter.java')]"
javapoet,5,"('838c38dfd1732c5d7022176f7c2a34faf9c24e02', '8ecd4aaa510622230f7ee5fd876027e7de48e9c4', '5cbd956726291293cb507de56ad673669cd9e994', 'e0893f5759a5d6fe83847d869a3978a4b5ff53ab', '26c62c91f4ab60bf33bc1337c4b7705a9b114494')",Change Attribute Access Modifier,compiler/src/main/java/dagger/internal/codegen/writer/InterfaceWriter.java@private methodWriters : List<MethodWriter>,compiler/src/main/java/dagger/internal/codegen/writer/TypeWriter.java@package methodWriters : List<MethodWriter>,"[BlameRes(sha1='fc37c03bfdd97b12fd5f95e22b433d4d83a683a7', oline='14', file_name='compiler/src/main/java/dagger/internal/codegen/writer/InterfaceWriter.java')]"
