Repository,Granularity level,fine-grained commits,CGR type,CGR left,CGR right,CGR traced location,Cause
PocketHub,2,"('732eba4fc69d03a28d227658635b85b88e01352c', 'd289face5d19744168a4df222005753e77754ae8')",Move And Inline Method,app/src/main/java/com/github/pockethub/android/ui/PagedItemFragment.java@public onCreate(savedInstanceState Bundle) : void,app/src/main/java/com/github/pockethub/android/ui/issue/IssueFragment.java@public onCreate(savedInstanceState Bundle) : void,"[BlameRes(sha1='035abe51e6e1111c8ff080ceb1c71ab005e12097', oline='25', file_name='app/src/main/java/com/github/mobile/android/ui/PagedItemFragment.java')]"
PocketHub,2,"('0bb5745848147810fd762c632c8f9b3b1ea2f037', 'd7cd6a74702722f3490ee2fff02b540ca26105bb')",Remove Parameter Modifier,app/src/main/java/com/github/mobile/ui/commit/CommitFileViewActivity.java@name : String,app/src/main/java/com/github/mobile/util/MarkdownUtils.java@name : String,"[BlameRes(sha1='bd0035745b1ab7456f0d521c8dd2f6a3390e8bac', oline='60', file_name='app/src/main/java/com/github/mobile/ui/commit/CommitFileViewActivity.java')]"
PocketHub,2,"('0bb5745848147810fd762c632c8f9b3b1ea2f037', 'd7cd6a74702722f3490ee2fff02b540ca26105bb')",Remove Parameter Modifier,app/src/main/java/com/github/mobile/ui/ref/BranchFileViewActivity.java@name : String,app/src/main/java/com/github/mobile/util/MarkdownUtils.java@name : String,"[BlameRes(sha1='8af494e8d6cc01060566747333f74c51a7fb80e7', oline='57', file_name='app/src/main/java/com/github/mobile/ui/ref/BranchFileViewActivity.java')]"
PocketHub,2,"('60a511821b208becd65d22a47146231b48b10f69', '2e461878448196c9d0387819b52baa0751aaf406')",Move And Rename Class,app/src/main/java/com/github/mobile/ui/RefreshRepsitoryTask.java@com.github.mobile.ui.RefreshRepsitoryTask,app/src/main/java/com/github/mobile/ui/repo/RefreshRepositoryTask.java@com.github.mobile.ui.repo.RefreshRepositoryTask,"[BlameRes(sha1='57f1cc3fb2ece01741b748c6e936d608a7ca4958', oline='12', file_name='app/src/main/java/com/github/mobile/ui/RefreshRepsitoryTask.java')]"
PocketHub,2,"('a415a63f4403b4187327f7f8d1662ea086f27766', 'f8bdfa9372c4f891a8a779251dbd6b9a64787fbd')",Pull Up Method,app/src/main/java/com/github/mobile/ui/user/UserNewsFragment.java@protected getLoadingMessage() : int,app/src/main/java/com/github/mobile/ui/NewsFragment.java@protected getLoadingMessage() : int,"[BlameRes(sha1='7ab73d53a0d68795739502e2f59d6596f7253d01', oline='60', file_name='app/src/main/java/com/github/mobile/android/ui/user/UserNewsFragment.java')]"
PocketHub,2,"('f014624576c6fb043d4acf48e06d827f95a8d355', '7cf617c8bc56cb5740d81cc43909a004f8d2835c')",Move And Rename Class,app/src/test/java/com/github/mobile/android/util/HtmlTest.java@com.github.mobile.android.util.HtmlTest,app/src/test/java/com/github/mobile/util/HtmlUtilsTest.java@com.github.mobile.util.HtmlUtilsTest,"[BlameRes(sha1='76c7a89fb90f3808aa4e0e8a2b42c73d3d6ab426', oline='8', file_name='app/src/test/java/com/github/mobile/android/util/HtmlTest.java')]"
PocketHub,2,"('a841a6142376bfeee1e610300f289e203c3875f6', 'ec9c11a097beade0a09527f2e516f055bdd670a0')",Move Method,app/src/main/java/com/github/mobile/android/issue/DashboardIssueFragment.java@protected getLoadingMessage() : int,app/src/main/java/com/github/mobile/android/gist/MyGistsFragment.java@protected getLoadingMessage() : int,"[BlameRes(sha1='7ab73d53a0d68795739502e2f59d6596f7253d01', oline='78', file_name='app/src/main/java/com/github/mobile/android/issue/DashboardIssueFragment.java')]"
PocketHub,2,"('cab0184642a49a4aee2f569d9a09b91da3026eb4', 'f29af2c1c27d2cb78e90c90c0059ea34c7c82762')",Extract Method,app/src/main/java/com/github/mobile/ui/issue/IssuesViewActivity.java@protected onCreate(savedInstanceState Bundle) : void,app/src/main/java/com/github/mobile/ui/issue/IssuesViewActivity.java@private configurePager() : void,"[BlameRes(sha1='d6e530a111e8008c88cd4a9242aaeb23e6284acc', oline='50', file_name='app/src/main/java/com/github/mobile/android/ui/issue/ViewIssuesActivity.java')]"
PocketHub,2,"('d5cc14edaf9250e318a8c75416bf1a1633b536ee', 'fd0f16a31a279679fdff2e253a600a91c84365c6')",Move Method,app/src/main/java/com/github/mobile/ui/search/RepositorySearchActivity.java@public onOptionsItemSelected(item MenuItem) : boolean,app/src/main/java/com/github/mobile/ui/search/SearchActivity.java@public onOptionsItemSelected(item MenuItem) : boolean,"[BlameRes(sha1='88422a07f27d781f48a6d103d6e7469e5e793fd7', oline='73', file_name='github-android/src/main/java/com/github/mobile/android/repo/RepoSearchActivity.java')]"
PocketHub,2,"('d5cc14edaf9250e318a8c75416bf1a1633b536ee', 'fd0f16a31a279679fdff2e253a600a91c84365c6')",Move Method,app/src/main/java/com/github/mobile/ui/search/RepositorySearchActivity.java@protected onCreate(savedInstanceState Bundle) : void,app/src/main/java/com/github/mobile/ui/search/SearchActivity.java@protected onCreate(savedInstanceState Bundle) : void,"[BlameRes(sha1='ddb42167c4e0dd6078a11bc26e557d9f2d89dc2a', oline='62', file_name='app/src/main/java/com/github/mobile/android/repo/RepoSearchActivity.java')]"
PocketHub,2,"('d5cc14edaf9250e318a8c75416bf1a1633b536ee', 'fd0f16a31a279679fdff2e253a600a91c84365c6')",Move Method,app/src/main/java/com/github/mobile/ui/search/RepositorySearchActivity.java@protected onNewIntent(intent Intent) : void,app/src/main/java/com/github/mobile/ui/search/SearchActivity.java@protected onNewIntent(intent Intent) : void,"[BlameRes(sha1='c3d040b50e2bf6d815bac83f9d914353894c1dab', oline='99', file_name='github-android/src/main/java/com/github/mobile/android/repo/RepoSearchActivity.java')]"
PocketHub,2,"('d5cc14edaf9250e318a8c75416bf1a1633b536ee', 'fd0f16a31a279679fdff2e253a600a91c84365c6')",Move Method,app/src/main/java/com/github/mobile/ui/search/RepositorySearchActivity.java@private handleIntent(intent Intent) : void,app/src/main/java/com/github/mobile/ui/search/SearchActivity.java@private handleIntent(intent Intent) : void,"[BlameRes(sha1='c3d040b50e2bf6d815bac83f9d914353894c1dab', oline='105', file_name='github-android/src/main/java/com/github/mobile/android/repo/RepoSearchActivity.java')]"
PocketHub,2,"('d5cc14edaf9250e318a8c75416bf1a1633b536ee', 'fd0f16a31a279679fdff2e253a600a91c84365c6')",Move Method,app/src/main/java/com/github/mobile/ui/search/RepositorySearchActivity.java@private search(query String) : void,app/src/main/java/com/github/mobile/ui/search/SearchActivity.java@private search(query String) : void,"[BlameRes(sha1='af21d00234628cadab485d2adddaa823459b038b', oline='91', file_name='github-android/src/main/java/com/github/mobile/android/repo/RepoSearchActivity.java')]"
PocketHub,2,"('488e9016cdcb07512e050187d3ef73f1632f777a', '5250ea85b31869331e19e2631912af027b6a7c4f')",Extract Superclass,app/src/main/java/com/github/mobile/ui/comment/CreateCommentActivity.java@com.github.mobile.ui.comment.CreateCommentActivity,app/src/main/java/com/github/mobile/ui/comment/CreateCommentActivity.java@com.github.mobile.ui.comment.CreateCommentActivity,"[BlameRes(sha1='3eeb9a77f9c5c87ded5f287378803df63483c637', oline='22', file_name='app/src/main/java/com/github/mobile/ui/comment/CreateCommentActivity.java')]"
PocketHub,2,"('75feacc0dddc0bc0510fd987a648f53961a2a12a', '38a84ae7d4ec4176f8651391dc48d1674a6ec297')",Replace Attribute,app/src/main/java/com/github/mobile/ui/user/UserViewActivity.java@private indicator : TitlePageIndicator,app/src/main/java/com/github/mobile/ui/TabPagerActivity.java@protected host : TabHost,"[BlameRes(sha1='0c31a094a3af50b6a2a154561ad6ef9661bc51ad', oline='45', file_name='app/src/main/java/com/github/mobile/ui/user/UserViewActivity.java')]"
PocketHub,2,"('f2d00d43d8990692cf56a5f0aa6c9fbc09974f73', 'c58659bcfab7e63f781906b781fe51c496b5a299')",Pull Up Attribute,app/src/main/java/com/github/mobile/ui/issue/IssueDashboardActivity.java@private pager : ViewPager,app/src/main/java/com/github/mobile/ui/TabPagerActivity.java@protected pager : ViewPager,"[BlameRes(sha1='1538294e7e26ccc8127103f419fe22436a3bd53b', oline='22', file_name='github-android/src/main/java/com/github/mobile/android/issue/IssueDashboardActivity.java')]"
PocketHub,2,"('f2d00d43d8990692cf56a5f0aa6c9fbc09974f73', 'c58659bcfab7e63f781906b781fe51c496b5a299')",Change Attribute Access Modifier,app/src/main/java/com/github/mobile/ui/issue/IssueDashboardActivity.java@private pager : ViewPager,app/src/main/java/com/github/mobile/ui/TabPagerActivity.java@protected pager : ViewPager,"[BlameRes(sha1='1538294e7e26ccc8127103f419fe22436a3bd53b', oline='22', file_name='github-android/src/main/java/com/github/mobile/android/issue/IssueDashboardActivity.java')]"
PocketHub,2,"('f2d00d43d8990692cf56a5f0aa6c9fbc09974f73', 'c58659bcfab7e63f781906b781fe51c496b5a299')",Remove Attribute Annotation,app/src/main/java/com/github/mobile/ui/issue/IssueDashboardActivity.java@@InjectView(id.vp_pages),app/src/main/java/com/github/mobile/ui/TabPagerActivity.java@protected pager : ViewPager,"[BlameRes(sha1='1538294e7e26ccc8127103f419fe22436a3bd53b', oline='21', file_name='github-android/src/main/java/com/github/mobile/android/issue/IssueDashboardActivity.java')]"
PocketHub,2,"('584a134b0bdbee8ffb28f2114b6570fcf585ff99', '6ebffb235d98fa63235877977204cdb3974fe2c9')",Extract Method,"app/src/main/java/com/github/mobile/ui/user/NewsListAdapter.java@private formatCreate(event Event, main StyledText, details StyledText) : void","app/src/main/java/com/github/mobile/ui/user/NewsListAdapter.java@private boldActor(text StyledText, event Event) : StyledText","[BlameRes(sha1='d8fa6213684a7d998415f93e5005e94ba05b15cb', oline='155', file_name='app/src/main/java/com/github/mobile/ui/user/NewsListAdapter.java')]"
PocketHub,2,"('584a134b0bdbee8ffb28f2114b6570fcf585ff99', '6ebffb235d98fa63235877977204cdb3974fe2c9')",Extract Method,"app/src/main/java/com/github/mobile/ui/user/NewsListAdapter.java@private formatCreate(event Event, main StyledText, details StyledText) : void","app/src/main/java/com/github/mobile/ui/user/NewsListAdapter.java@private boldRepo(text StyledText, event Event) : StyledText","[BlameRes(sha1='d8fa6213684a7d998415f93e5005e94ba05b15cb', oline='155', file_name='app/src/main/java/com/github/mobile/ui/user/NewsListAdapter.java')]"
PocketHub,2,"('584a134b0bdbee8ffb28f2114b6570fcf585ff99', '6ebffb235d98fa63235877977204cdb3974fe2c9')",Change Variable Type,app/src/main/java/com/github/mobile/ui/user/NewsListAdapter.java@repoName : String,app/src/main/java/com/github/mobile/ui/user/NewsListAdapter.java@repo : EventRepository,"[BlameRes(sha1='1b791e427c9fb5aaf65979a87bc09b99f72ab62c', oline='161', file_name='app/src/main/java/com/github/mobile/ui/user/NewsListAdapter.java')]"
PocketHub,2,"('584a134b0bdbee8ffb28f2114b6570fcf585ff99', '6ebffb235d98fa63235877977204cdb3974fe2c9')",Rename Variable,app/src/main/java/com/github/mobile/ui/user/NewsListAdapter.java@repoName : String,app/src/main/java/com/github/mobile/ui/user/NewsListAdapter.java@repo : EventRepository,"[BlameRes(sha1='1b791e427c9fb5aaf65979a87bc09b99f72ab62c', oline='161', file_name='app/src/main/java/com/github/mobile/ui/user/NewsListAdapter.java')]"
PocketHub,2,"('32e40a07779b769eb3099590c491802850ff333b', '90feae35a8a97d5803ba1aea8d7f77e345106e41')",Add Parameter,"app/src/main/java/com/github/mobile/ui/repo/RepositoryListAdapter.java@protected update(view RecentRepositoryItemView, repository Repository) : void",app/src/main/java/com/github/mobile/ui/repo/RepositoryListAdapter.java@watchers : int,"[BlameRes(sha1='6bc2afeb1776e449bc57dd55fb8b671899b2cb9c', oline='39', file_name='app/src/main/java/com/github/mobile/repo/RepositoryListAdapter.java')]"
PocketHub,2,"('32e40a07779b769eb3099590c491802850ff333b', '90feae35a8a97d5803ba1aea8d7f77e345106e41')",Add Parameter,"app/src/main/java/com/github/mobile/ui/repo/RepositoryListAdapter.java@protected update(view RecentRepositoryItemView, repository Repository) : void",app/src/main/java/com/github/mobile/ui/repo/RepositoryListAdapter.java@forks : int,"[BlameRes(sha1='6bc2afeb1776e449bc57dd55fb8b671899b2cb9c', oline='39', file_name='app/src/main/java/com/github/mobile/repo/RepositoryListAdapter.java')]"
PocketHub,2,"('5e60fa0d3f31a00ab7ed8820cd78b7e5bbebbb0f', 'ddc303648afe670e2eafc9cb3d87f2c49a178a6c')",Rename Variable,app/src/main/java/com/github/mobile/ui/repo/UserRepositoryListAdapter.java@id : String,app/src/main/java/com/github/mobile/ui/repo/UserRepositoryListAdapter.java@description : String,"[BlameRes(sha1='1fd9fa89980dbb52206c61e7c2074dcd7fb36abd', oline='31', file_name='app/src/main/java/com/github/mobile/ui/repo/UserRepositoryListAdapter.java')]"
PocketHub,2,"('86668517f454d8e7e8efe78a560181e419c749ff', '4d101ac25a80cb4c544d72cb53588e060b439b22')",Move And Rename Class,app/src/main/java/com/github/mobile/guice/GitHubAccountScope.java@com.github.mobile.guice.GitHubAccountScope,app/src/main/java/com/github/mobile/accounts/AccountScope.java@com.github.mobile.accounts.AccountScope,"[BlameRes(sha1='99be0e98b0b325c1b7de0f76f0d15c7783258e40', oline='24', file_name='app/src/main/java/com/github/mobile/android/guice/GitHubAccountScope.java')]"
PocketHub,2,"('86668517f454d8e7e8efe78a560181e419c749ff', '4d101ac25a80cb4c544d72cb53588e060b439b22')",Merge Package,app/src/main/java/com/github/mobile/guice/ScopeBase.java@com.github.mobile.guice.ScopeBase,app/src/main/java/com/github/mobile/accounts/ScopeBase.java@com.github.mobile.accounts.ScopeBase,"[BlameRes(sha1='99be0e98b0b325c1b7de0f76f0d15c7783258e40', oline='9', file_name='app/src/main/java/com/github/mobile/android/guice/ScopeBase.java')]"
PocketHub,2,"('c69b43f03a79b8540dea7bd891775142c63e8f8b', 'a841a6142376bfeee1e610300f289e203c3875f6')",Move Method,app/src/main/java/com/github/mobile/android/gist/PublicGistsFragment.java@protected getLoadingMessage() : int,app/src/main/java/com/github/mobile/android/ui/gist/GistsFragment.java@protected getLoadingMessage() : int,"[BlameRes(sha1='104cb1d167c981bbdc1a63c4ea8fc6a37ada7edd', oline='111', file_name='app/src/main/java/com/github/mobile/android/gist/PublicGistsFragment.java')]"
PocketHub,2,"('ed19837f9f25e6858146b63235fe923319c8d1a0', '958987b0a0678665a9d5a836e2123a13fecdc19b')",Extract Method,app/src/main/java/com/github/mobile/android/ResourcePager.java@public reset() : ResourcePager<E>,app/src/main/java/com/github/mobile/android/ResourcePager.java@public clear() : ResourcePager<E>,"[BlameRes(sha1='525e54f7863910e0fe3d174b866fd8cbda742819', oline='23', file_name='app/src/main/java/com/github/mobile/android/ResourcePager.java')]"
PocketHub,2,"('53e8c9465fd331ae1d92ac7ed84fc67d0d660f0f', '99be0e98b0b325c1b7de0f76f0d15c7783258e40')",Extract Superclass,app/src/main/java/com/github/mobile/android/ThrowableLoader.java@com.github.mobile.android.ThrowableLoader,app/src/main/java/com/github/mobile/android/ThrowableLoader.java@com.github.mobile.android.ThrowableLoader,"[BlameRes(sha1='08f96bc6abd00af61a94b81582c812840e552875', oline='5', file_name='github-android/src/main/java/com/github/mobile/android/ThrowableLoader.java')]"
PocketHub,2,"('e8343015a998933721deb32bad2c67a20d221de1', 'dd023863755cb9a5428ce65d8521c5e77a649725')",Rename Method,"app/src/main/java/com/github/mobile/android/util/Image.java@public roundCorners(bitmap Bitmap, radiusX int, radiusY int) : Bitmap","app/src/main/java/com/github/mobile/android/util/Image.java@public roundCornersAndOverlayOnWhite(source Bitmap, radius int) : Bitmap","[BlameRes(sha1='de2894502057b05f5ccba82603525bafe6347b5c', oline='116', file_name='github-android/src/main/java/com/github/mobile/android/util/Image.java')]"
PocketHub,2,"('e8343015a998933721deb32bad2c67a20d221de1', 'dd023863755cb9a5428ce65d8521c5e77a649725')",Remove Parameter,app/src/main/java/com/github/mobile/android/util/Image.java@radiusX : int,"app/src/main/java/com/github/mobile/android/util/Image.java@public roundCornersAndOverlayOnWhite(source Bitmap, radius int) : Bitmap","[BlameRes(sha1='de2894502057b05f5ccba82603525bafe6347b5c', oline='116', file_name='github-android/src/main/java/com/github/mobile/android/util/Image.java')]"
PocketHub,2,"('e8343015a998933721deb32bad2c67a20d221de1', 'dd023863755cb9a5428ce65d8521c5e77a649725')",Add Parameter,"app/src/main/java/com/github/mobile/android/util/Image.java@public roundCorners(bitmap Bitmap, radiusX int, radiusY int) : Bitmap",app/src/main/java/com/github/mobile/android/util/Image.java@radius : int,"[BlameRes(sha1='de2894502057b05f5ccba82603525bafe6347b5c', oline='116', file_name='github-android/src/main/java/com/github/mobile/android/util/Image.java')]"
PocketHub,2,"('e8343015a998933721deb32bad2c67a20d221de1', 'dd023863755cb9a5428ce65d8521c5e77a649725')",Remove Parameter,app/src/main/java/com/github/mobile/android/util/Image.java@radiusY : int,"app/src/main/java/com/github/mobile/android/util/Image.java@public roundCornersAndOverlayOnWhite(source Bitmap, radius int) : Bitmap","[BlameRes(sha1='de2894502057b05f5ccba82603525bafe6347b5c', oline='116', file_name='github-android/src/main/java/com/github/mobile/android/util/Image.java')]"
PocketHub,2,"('b140724bb80b4d5364e65d09e2cf81047c6f6bc2', '2bf2072fc04b913c98d138ff946436cc58485891')",Move Package,github-android/src/main/java/com/github/android/app/sync/AccountAuthenticatorService.java@com.github.android.app.sync.AccountAuthenticatorService,github-android/src/main/java/com/github/mobile/android/authenticator/AccountAuthenticatorService.java@com.github.mobile.android.authenticator.AccountAuthenticatorService,"[BlameRes(sha1='e3ac9ba0e747d221750f42400d7051e5a9da6fab', oline='18', file_name='github-android/src/main/java/com/github/android/app/sync/AccountAuthenticatorService.java')]"
PocketHub,3,"('390a1526988965660ebc0a4943f9eb2c02a85d92', 'e5bab4aae5abd3b520b18fdc572b4116ae7fd573', 'ea2ed28da16e4beebc9caa9d0abed7dc2559f104')",Rename Parameter,app/src/main/java/com/github/pockethub/ui/gist/CreateGistActivity.java@options : Menu,app/src/main/java/com/github/pockethub/ui/gist/CreateGistActivity.java@menu : Menu,"[BlameRes(sha1='b45105f89d9f340c476e3c7e06a798db5a754689', oline='69', file_name='github-android/src/main/java/com/github/mobile/android/gist/ShareGistActivity.java')]"
PocketHub,3,"('44603eb4c5a5a2c90fff8baec3392904e11bd9ed', 'bff14046dcdef0e3c76ff58742284639068b72ae', '02df8022d420368eb4651863622443737205bd4f')",Move Method,github-android/src/main/java/com/github/mobile/android/repo/RepoBrowseActivity.java@protected onSaveInstanceState(outState Bundle) : void,github-android/src/main/java/com/github/mobile/android/issue/FilterIssuesActivity.java@protected onSaveInstanceState(outState Bundle) : void,"[BlameRes(sha1='8d0d587cea835a705c1e9068a4279511a602cd74', oline='134', file_name='github-android/src/main/java/com/github/mobile/android/repo/RepoBrowseActivity.java')]"
PocketHub,3,"('d5cc14edaf9250e318a8c75416bf1a1633b536ee', 'fd0f16a31a279679fdff2e253a600a91c84365c6', '7fe1380b419666c6525239aa23d01b6bd89a30b7')",Move Method,app/src/main/java/com/github/mobile/ui/search/RepositorySearchActivity.java@public onCreateOptionsMenu(options Menu) : boolean,app/src/main/java/com/github/mobile/ui/search/SearchActivity.java@public onCreateOptionsMenu(options Menu) : boolean,"[BlameRes(sha1='88422a07f27d781f48a6d103d6e7469e5e793fd7', oline='67', file_name='github-android/src/main/java/com/github/mobile/android/repo/RepoSearchActivity.java')]"
PocketHub,3,"('9f994ac39b933d8d0eece19d8ad3a31a33ffb660', '56d86523cffb2df02b75e4f92b445647ca0a3e82', '7107f8a2d5b157971a343c3e75c1a03349fb7770')",Extract And Move Method,app/src/main/java/com/github/mobile/ui/gist/GistFragment.java@private refreshGist() : void,app/src/main/java/com/github/mobile/ui/ItemListFragment.java@protected isUsable() : boolean,"[BlameRes(sha1='7ba5db898b779eb5a0b3f74698ffd6571ebc5446', oline='309', file_name='app/src/main/java/com/github/mobile/android/gist/GistFragment.java')]"
PocketHub,3,"('9f994ac39b933d8d0eece19d8ad3a31a33ffb660', '56d86523cffb2df02b75e4f92b445647ca0a3e82', '7107f8a2d5b157971a343c3e75c1a03349fb7770')",Extract And Move Method,app/src/main/java/com/github/mobile/ui/issue/IssueFragment.java@private refreshIssue() : void,app/src/main/java/com/github/mobile/ui/ItemListFragment.java@protected isUsable() : boolean,"[BlameRes(sha1='d6e530a111e8008c88cd4a9242aaeb23e6284acc', oline='227', file_name='app/src/main/java/com/github/mobile/android/ui/issue/IssueFragment.java')]"
PocketHub,3,"('1a3da6e18e887f08754a5fd50804d1396a9b887c', '4bdad4ce2377d6039bef59d1abc3950b3404852f', '5976fc2c62614f20cbfc1b606983beef508219c3')",Rename Attribute,app/src/main/java/com/github/mobile/ui/issue/LabelDrawableSpan.java@borderColor : int,app/src/main/java/com/github/mobile/ui/issue/LabelDrawableSpan.java@textColor : int,"[BlameRes(sha1='1c378b38298df14f40ceb34aec6b22c95bbe7b08', oline='64', file_name='app/src/main/java/com/github/mobile/ui/issue/LabelDrawableSpan.java')]"
PocketHub,3,"('f37228de340b114571046656ffe3407f692f373e', 'fc61326938db95f5b4e469d387c26c75e120362c', '53ef3a2a4321448d9c9a81591d858a3dc7eb441b')",Rename Variable,app/src/main/java/com/github/mobile/android/util/AvatarHelper.java@bitmap : Bitmap,app/src/main/java/com/github/mobile/android/util/AvatarHelper.java@image : Bitmap,"[BlameRes(sha1='5866369d0d723560e80b8df3435ca42a381b1715', oline='150', file_name='app/src/main/java/com/github/mobile/android/util/AvatarHelper.java')]"
PocketHub,3,"('f37228de340b114571046656ffe3407f692f373e', 'fc61326938db95f5b4e469d387c26c75e120362c', '53ef3a2a4321448d9c9a81591d858a3dc7eb441b')",Rename Variable,app/src/main/java/com/github/mobile/android/util/AvatarHelper.java@bitmap : Bitmap,app/src/main/java/com/github/mobile/android/util/AvatarHelper.java@image : Bitmap,"[BlameRes(sha1='5866369d0d723560e80b8df3435ca42a381b1715', oline='199', file_name='app/src/main/java/com/github/mobile/android/util/AvatarHelper.java')]"
PocketHub,3,"('0be56a4eb6dbad7b0f13f243b9e353e3269c52f2', 'c7c199f79853c13bee4d37730d8f24064ad31afc', 'd8e0cd7a74e14906073109e6369739076af56d5b')",Move And Rename Class,app/src/main/java/com/github/pockethub/accounts/TwoFactorAuthException.java@com.github.pockethub.accounts.TwoFactorAuthException,app/src/main/java/com/github/pockethub/core/NoSuchPageException.java@com.github.pockethub.core.NoSuchPageException,"[BlameRes(sha1='52c3705b4f97eaf6b824d187427be126dbad831f', oline='5', file_name='app/src/main/java/com/github/mobile/accounts/TwoFactorAuthException.java')]"
PocketHub,3,"('0be56a4eb6dbad7b0f13f243b9e353e3269c52f2', 'c7c199f79853c13bee4d37730d8f24064ad31afc', 'd8e0cd7a74e14906073109e6369739076af56d5b')",Remove Method Annotation,app/src/main/java/com/github/pockethub/accounts/TwoFactorAuthException.java@@Override,app/src/main/java/com/github/pockethub/core/NoSuchPageException.java@public getMessage() : String,"[BlameRes(sha1='52c3705b4f97eaf6b824d187427be126dbad831f', oline='18', file_name='app/src/main/java/com/github/mobile/accounts/TwoFactorAuthException.java')]"
PocketHub,3,"('0be56a4eb6dbad7b0f13f243b9e353e3269c52f2', 'c7c199f79853c13bee4d37730d8f24064ad31afc', 'd8e0cd7a74e14906073109e6369739076af56d5b')",Remove Method Annotation,app/src/main/java/com/github/pockethub/accounts/TwoFactorAuthException.java@@Override,app/src/main/java/com/github/pockethub/core/NoSuchPageException.java@public getCause() : IOException,"[BlameRes(sha1='52c3705b4f97eaf6b824d187427be126dbad831f', oline='23', file_name='app/src/main/java/com/github/mobile/accounts/TwoFactorAuthException.java')]"
PocketHub,3,"('38a84ae7d4ec4176f8651391dc48d1674a6ec297', 'f2d00d43d8990692cf56a5f0aa6c9fbc09974f73', 'c58659bcfab7e63f781906b781fe51c496b5a299')",Change Attribute Access Modifier,app/src/main/java/com/github/mobile/ui/user/UserViewActivity.java@private pager : ViewPager,app/src/main/java/com/github/mobile/ui/TabPagerActivity.java@protected pager : ViewPager,"[BlameRes(sha1='0c31a094a3af50b6a2a154561ad6ef9661bc51ad', oline='39', file_name='app/src/main/java/com/github/mobile/ui/user/UserViewActivity.java')]"
PocketHub,3,"('38a84ae7d4ec4176f8651391dc48d1674a6ec297', 'f2d00d43d8990692cf56a5f0aa6c9fbc09974f73', 'c58659bcfab7e63f781906b781fe51c496b5a299')",Pull Up Attribute,app/src/main/java/com/github/mobile/ui/user/UserViewActivity.java@private pager : ViewPager,app/src/main/java/com/github/mobile/ui/TabPagerActivity.java@protected pager : ViewPager,"[BlameRes(sha1='0c31a094a3af50b6a2a154561ad6ef9661bc51ad', oline='39', file_name='app/src/main/java/com/github/mobile/ui/user/UserViewActivity.java')]"
PocketHub,3,"('38a84ae7d4ec4176f8651391dc48d1674a6ec297', 'f2d00d43d8990692cf56a5f0aa6c9fbc09974f73', 'c58659bcfab7e63f781906b781fe51c496b5a299')",Remove Attribute Annotation,app/src/main/java/com/github/mobile/ui/user/UserViewActivity.java@@InjectView(id.vp_pages),app/src/main/java/com/github/mobile/ui/TabPagerActivity.java@protected pager : ViewPager,"[BlameRes(sha1='0c31a094a3af50b6a2a154561ad6ef9661bc51ad', oline='38', file_name='app/src/main/java/com/github/mobile/ui/user/UserViewActivity.java')]"
PocketHub,3,"('3fb1b0d210bf4e27aa2d9dc2ef428adaa1fe1d1e', 'c71fe61bdaee9ee08984311453f1c938ea1762d2', '339e71916a2096168615629ccd94121a6c02bb63')",Move And Inline Method,"app/src/main/java/com/github/mobile/ui/repo/DefaultRepositoryListAdapter.java@public registerHeader(repository Repository, previous Repository, text String) : DefaultRepositoryListAdapter","app/src/main/java/com/github/mobile/ui/repo/RepositoryListFragment.java@public onCreateLoader(id int, args Bundle) : Loader<List<Repository>>","[BlameRes(sha1='030a31f2fe4ffc4a197eebf2cf867ddb366507df', oline='46', file_name='app/src/main/java/com/github/mobile/ui/repo/DefaultRepositoryListAdapter.java')]"
PocketHub,3,"('fd490e228f83751740fc88f216f31e5d646ed4e5', '6f7fef3faf557f38760a49c1b9dc4a5d1a124f49', '5fc92cafb8a9159561e1b69f5b796a616549ba68')",Move Attribute,app/src/main/java/com/github/mobile/ui/issue/CreateIssueActivity.java@private milestoneText : TextView,app/src/main/java/com/github/mobile/ui/issue/EditIssueActivity.java@private milestoneText : TextView,"[BlameRes(sha1='4614d4f18226ce8f19559aa0030260e5bfafcd6c', oline='114', file_name='app/src/main/java/com/github/mobile/issue/CreateIssueActivity.java')]"
PocketHub,3,"('fd490e228f83751740fc88f216f31e5d646ed4e5', '6f7fef3faf557f38760a49c1b9dc4a5d1a124f49', '5fc92cafb8a9159561e1b69f5b796a616549ba68')",Move Attribute,app/src/main/java/com/github/mobile/ui/issue/CreateIssueActivity.java@private assigneeAvatar : ImageView,app/src/main/java/com/github/mobile/ui/issue/EditIssueActivity.java@private assigneeAvatar : ImageView,"[BlameRes(sha1='4614d4f18226ce8f19559aa0030260e5bfafcd6c', oline='108', file_name='app/src/main/java/com/github/mobile/issue/CreateIssueActivity.java')]"
PocketHub,3,"('fd490e228f83751740fc88f216f31e5d646ed4e5', '6f7fef3faf557f38760a49c1b9dc4a5d1a124f49', '5fc92cafb8a9159561e1b69f5b796a616549ba68')",Move Attribute,app/src/main/java/com/github/mobile/ui/issue/CreateIssueActivity.java@private assigneeText : TextView,app/src/main/java/com/github/mobile/ui/issue/EditIssueActivity.java@private assigneeText : TextView,"[BlameRes(sha1='4614d4f18226ce8f19559aa0030260e5bfafcd6c', oline='105', file_name='app/src/main/java/com/github/mobile/issue/CreateIssueActivity.java')]"
PocketHub,3,"('fd490e228f83751740fc88f216f31e5d646ed4e5', '6f7fef3faf557f38760a49c1b9dc4a5d1a124f49', '5fc92cafb8a9159561e1b69f5b796a616549ba68')",Move Attribute,app/src/main/java/com/github/mobile/ui/issue/CreateIssueActivity.java@private milestoneService : MilestoneService,app/src/main/java/com/github/mobile/ui/issue/EditIssueActivity.java@private milestoneService : MilestoneService,"[BlameRes(sha1='ca3feb3f676203f84fe8f82ff52322d14e1b301d', oline='76', file_name='github-android/src/main/java/com/github/mobile/android/issue/CreateIssueActivity.java')]"
PocketHub,3,"('fd490e228f83751740fc88f216f31e5d646ed4e5', '6f7fef3faf557f38760a49c1b9dc4a5d1a124f49', '5fc92cafb8a9159561e1b69f5b796a616549ba68')",Move Attribute,app/src/main/java/com/github/mobile/ui/issue/CreateIssueActivity.java@private collaboratorService : CollaboratorService,app/src/main/java/com/github/mobile/ui/issue/EditIssueActivity.java@private collaboratorService : CollaboratorService,"[BlameRes(sha1='ca3feb3f676203f84fe8f82ff52322d14e1b301d', oline='79', file_name='github-android/src/main/java/com/github/mobile/android/issue/CreateIssueActivity.java')]"
PocketHub,3,"('fd490e228f83751740fc88f216f31e5d646ed4e5', '6f7fef3faf557f38760a49c1b9dc4a5d1a124f49', '5fc92cafb8a9159561e1b69f5b796a616549ba68')",Move Attribute,app/src/main/java/com/github/mobile/ui/issue/CreateIssueActivity.java@private labelService : LabelService,app/src/main/java/com/github/mobile/ui/issue/EditIssueActivity.java@private labelService : LabelService,"[BlameRes(sha1='ca3feb3f676203f84fe8f82ff52322d14e1b301d', oline='73', file_name='github-android/src/main/java/com/github/mobile/android/issue/CreateIssueActivity.java')]"
PocketHub,3,"('fd490e228f83751740fc88f216f31e5d646ed4e5', '6f7fef3faf557f38760a49c1b9dc4a5d1a124f49', '5fc92cafb8a9159561e1b69f5b796a616549ba68')",Extract Variable,app/src/main/java/com/github/mobile/ui/issue/CreateIssueActivity.java@,app/src/main/java/com/github/mobile/ui/issue/EditIssueActivity.java@assignee : User,"[BlameRes(sha1='7848a2a3787d48fa1ca0111d79edf3c7948750f1', oline='202', file_name='app/src/main/java/com/github/mobile/ui/issue/CreateIssueActivity.java')]"
PocketHub,3,"('fd490e228f83751740fc88f216f31e5d646ed4e5', '6f7fef3faf557f38760a49c1b9dc4a5d1a124f49', '5fc92cafb8a9159561e1b69f5b796a616549ba68')",Move Method,"app/src/main/java/com/github/mobile/ui/issue/CreateIssueActivity.java@public onDialogResult(requestCode int, resultCode int, arguments Bundle) : void","app/src/main/java/com/github/mobile/ui/issue/EditIssueActivity.java@public onDialogResult(requestCode int, resultCode int, arguments Bundle) : void","[BlameRes(sha1='ca3feb3f676203f84fe8f82ff52322d14e1b301d', oline='159', file_name='github-android/src/main/java/com/github/mobile/android/issue/CreateIssueActivity.java')]"
PocketHub,3,"('fd490e228f83751740fc88f216f31e5d646ed4e5', '6f7fef3faf557f38760a49c1b9dc4a5d1a124f49', '5fc92cafb8a9159561e1b69f5b796a616549ba68')",Extract Variable,app/src/main/java/com/github/mobile/ui/issue/CreateIssueActivity.java@,app/src/main/java/com/github/mobile/ui/issue/EditIssueActivity.java@milestone : Milestone,"[BlameRes(sha1='4614d4f18226ce8f19559aa0030260e5bfafcd6c', oline='194', file_name='app/src/main/java/com/github/mobile/issue/CreateIssueActivity.java')]"
PocketHub,3,"('fd490e228f83751740fc88f216f31e5d646ed4e5', '6f7fef3faf557f38760a49c1b9dc4a5d1a124f49', '5fc92cafb8a9159561e1b69f5b796a616549ba68')",Remove Parameter,app/src/main/java/com/github/mobile/ui/issue/CreateIssueActivity.java@issue : Issue,app/src/main/java/com/github/mobile/ui/issue/EditIssueActivity.java@private updateView() : void,"[BlameRes(sha1='4614d4f18226ce8f19559aa0030260e5bfafcd6c', oline='169', file_name='app/src/main/java/com/github/mobile/issue/CreateIssueActivity.java')]"
PocketHub,3,"('fd490e228f83751740fc88f216f31e5d646ed4e5', '6f7fef3faf557f38760a49c1b9dc4a5d1a124f49', '5fc92cafb8a9159561e1b69f5b796a616549ba68')",Move And Rename Method,app/src/main/java/com/github/mobile/ui/issue/CreateIssueActivity.java@private updateHeader(issue Issue) : void,app/src/main/java/com/github/mobile/ui/issue/EditIssueActivity.java@private updateView() : void,"[BlameRes(sha1='4614d4f18226ce8f19559aa0030260e5bfafcd6c', oline='169', file_name='app/src/main/java/com/github/mobile/issue/CreateIssueActivity.java')]"
PocketHub,3,"('8e1e7e140681e33bba822c93aab9250135927a9c', '6b8319abc40dadbe5a501734f833671710fe6ce8', '9b14385a0b35ba5d61013b798deb7d56a44b7c9b')",Extract And Move Method,app/src/main/java/com/github/mobile/android/issue/FilterIssuesActivity.java@protected onCreate(savedInstanceState Bundle) : void,app/src/main/java/com/github/mobile/android/issue/IssueFilter.java@public setOpen(open boolean) : IssueFilter,"[BlameRes(sha1='1519a6d444d325dd041e458f0161de174d85786b', oline='53', file_name='github-android/src/main/java/com/github/mobile/android/issue/FilterIssuesActivity.java')]"
PocketHub,4,"('58960379b2a1dc26065ab551a23eb07b4a3684a1', '455a747eb4983a4cac5187d0a12777c4979ebc5a', '0d48aac96eea8c1629851406689862629442b4ab', 'd5cc14edaf9250e318a8c75416bf1a1633b536ee')",Move Attribute,app/src/main/java/com/github/mobile/ui/search/RepositorySearchActivity.java@private repoFragment : SearchRepositoryListFragment,app/src/main/java/com/github/mobile/ui/search/SearchActivity.java@private repoFragment : SearchRepositoryListFragment,"[BlameRes(sha1='6eadc250f1d444f780a2937c8ff5fabe6ba4cfab', oline='25', file_name='app/src/main/java/com/github/mobile/ui/repo/RepositorySearchActivity.java')]"
PocketHub,4,"('45b54fb81eae052282b81ef3654a442b0097cd06', '760b8b7fd1dc5c5a9fe326a57f966db8bd356e0c', '7aa9e796891065b67af7e78c4ec1af932247743b', 'c4b6edebeb57321175fb9443c36b29d7c075d582')",Change Parameter Type,app/src/main/java/com/github/mobile/ui/gist/OpenGistTask.java@context : Activity,app/src/main/java/com/github/mobile/core/code/RefreshTreeTask.java@context : Context,"[BlameRes(sha1='e532efc5655a56104e334099e60c1512e5790a56', oline='26', file_name='app/src/main/java/com/github/mobile/android/gist/OpenGistTask.java')]"
PocketHub,4,"('45b54fb81eae052282b81ef3654a442b0097cd06', '760b8b7fd1dc5c5a9fe326a57f966db8bd356e0c', '7aa9e796891065b67af7e78c4ec1af932247743b', 'c4b6edebeb57321175fb9443c36b29d7c075d582')",Add Parameter,"app/src/main/java/com/github/mobile/ui/gist/OpenGistTask.java@public OpenGistTask(context Activity, gistId String)",app/src/main/java/com/github/mobile/core/code/RefreshTreeTask.java@repository : Repository,"[BlameRes(sha1='e532efc5655a56104e334099e60c1512e5790a56', oline='26', file_name='app/src/main/java/com/github/mobile/android/gist/OpenGistTask.java')]"
PocketHub,4,"('45b54fb81eae052282b81ef3654a442b0097cd06', '760b8b7fd1dc5c5a9fe326a57f966db8bd356e0c', '7aa9e796891065b67af7e78c4ec1af932247743b', 'c4b6edebeb57321175fb9443c36b29d7c075d582')",Remove Parameter,app/src/main/java/com/github/mobile/ui/gist/OpenGistTask.java@gistId : String,"app/src/main/java/com/github/mobile/core/code/RefreshTreeTask.java@public RefreshTreeTask(repository Repository, context Context)","[BlameRes(sha1='e532efc5655a56104e334099e60c1512e5790a56', oline='26', file_name='app/src/main/java/com/github/mobile/android/gist/OpenGistTask.java')]"
PocketHub,4,"('45b54fb81eae052282b81ef3654a442b0097cd06', '760b8b7fd1dc5c5a9fe326a57f966db8bd356e0c', '7aa9e796891065b67af7e78c4ec1af932247743b', 'c4b6edebeb57321175fb9443c36b29d7c075d582')",Move And Rename Method,"app/src/main/java/com/github/mobile/ui/gist/OpenGistTask.java@public OpenGistTask(context Activity, gistId String)","app/src/main/java/com/github/mobile/core/code/RefreshTreeTask.java@public RefreshTreeTask(repository Repository, context Context)","[BlameRes(sha1='e532efc5655a56104e334099e60c1512e5790a56', oline='26', file_name='app/src/main/java/com/github/mobile/android/gist/OpenGistTask.java')]"
PocketHub,4,"('45b54fb81eae052282b81ef3654a442b0097cd06', '760b8b7fd1dc5c5a9fe326a57f966db8bd356e0c', '7aa9e796891065b67af7e78c4ec1af932247743b', 'c4b6edebeb57321175fb9443c36b29d7c075d582')",Move Method,app/src/main/java/com/github/mobile/ui/gist/OpenGistTask.java@protected onException(e Exception) : void,app/src/main/java/com/github/mobile/core/code/RefreshTreeTask.java@protected onException(e Exception) : void,"[BlameRes(sha1='e532efc5655a56104e334099e60c1512e5790a56', oline='59', file_name='app/src/main/java/com/github/mobile/android/gist/OpenGistTask.java')]"
PocketHub,4,"('8f94f366abfd83832c71fc08445375aae8f3f0df', 'b18d1339d9d8cbd531d583dca058710e6448e2bd', '76c67537524d83edce94ffe62d0732988b667f04', '54c7edc33b3119f9146a16441eb98f7f96bc4283')",Move And Inline Method,app/src/main/java/com/github/mobile/ui/gist/CreateGistActivity.java@public onPrepareOptionsMenu(menu Menu) : boolean,app/src/main/java/com/github/mobile/ui/gist/GistFragment.java@public onPrepareOptionsMenu(menu Menu) : void,"[BlameRes(sha1='b45105f89d9f340c476e3c7e06a798db5a754689', oline='74', file_name='github-android/src/main/java/com/github/mobile/android/gist/ShareGistActivity.java')]"
PocketHub,4,"('b2b21ce21a37df3f435a57498455d7d37bec4577', '436263a0b9e26d9a85fdfb78ae80210a521fc74f', '70473a3e307ed722063e0e364287d20ee69f1086', '732eba4fc69d03a28d227658635b85b88e01352c')",Move And Inline Method,app/src/main/java/com/github/pockethub/android/ui/PagedItemFragment.java@public onCreate(savedInstanceState Bundle) : void,app/src/main/java/com/github/pockethub/android/ui/gist/GistFilesViewActivity.java@protected onCreate(savedInstanceState Bundle) : void,"[BlameRes(sha1='035abe51e6e1111c8ff080ceb1c71ab005e12097', oline='25', file_name='app/src/main/java/com/github/mobile/android/ui/PagedItemFragment.java')]"
PocketHub,4,"('b2b21ce21a37df3f435a57498455d7d37bec4577', '436263a0b9e26d9a85fdfb78ae80210a521fc74f', '70473a3e307ed722063e0e364287d20ee69f1086', '732eba4fc69d03a28d227658635b85b88e01352c')",Move And Inline Method,app/src/main/java/com/github/pockethub/android/ui/PagedItemFragment.java@public onCreate(savedInstanceState Bundle) : void,app/src/main/java/com/github/pockethub/android/ui/repo/RepositoryViewActivity.java@protected onCreate(savedInstanceState Bundle) : void,"[BlameRes(sha1='035abe51e6e1111c8ff080ceb1c71ab005e12097', oline='25', file_name='app/src/main/java/com/github/mobile/android/ui/PagedItemFragment.java')]"
PocketHub,4,"('b2b21ce21a37df3f435a57498455d7d37bec4577', '436263a0b9e26d9a85fdfb78ae80210a521fc74f', '70473a3e307ed722063e0e364287d20ee69f1086', '732eba4fc69d03a28d227658635b85b88e01352c')",Move And Inline Method,app/src/main/java/com/github/pockethub/android/ui/PagedItemFragment.java@public onCreate(savedInstanceState Bundle) : void,app/src/main/java/com/github/pockethub/android/ui/user/UserViewActivity.java@protected onCreate(savedInstanceState Bundle) : void,"[BlameRes(sha1='035abe51e6e1111c8ff080ceb1c71ab005e12097', oline='25', file_name='app/src/main/java/com/github/mobile/android/ui/PagedItemFragment.java')]"
PocketHub,4,"('c08c72add8ba74b8b88696dc72ea2f98d149561c', 'dbdeb87439e1d9c44cd481b9313c124555ca0556', '97872cae660215af8db9208a373569cedc5f52d9', 'ad8794ab57469485882511ebb382b070e0dd1bce')",Add Method Annotation,"app/src/main/java/com/github/mobile/ui/issue/IssuesViewActivity.java@public onPageScrolled(position int, positionOffset float, positionOffsetPixels int) : void",app/src/main/java/com/github/mobile/ui/PagerActivity.java@@Override,"[BlameRes(sha1='9d3922f73e41309228a620a5f37235eaeb8a01d1', oline='164', file_name='app/src/main/java/com/github/mobile/ui/issue/IssuesViewActivity.java')]"
PocketHub,4,"('c08c72add8ba74b8b88696dc72ea2f98d149561c', 'dbdeb87439e1d9c44cd481b9313c124555ca0556', '97872cae660215af8db9208a373569cedc5f52d9', 'ad8794ab57469485882511ebb382b070e0dd1bce')",Pull Up Method,"app/src/main/java/com/github/mobile/ui/issue/IssuesViewActivity.java@public onPageScrolled(position int, positionOffset float, positionOffsetPixels int) : void","app/src/main/java/com/github/mobile/ui/PagerActivity.java@public onPageScrolled(position int, positionOffset float, positionOffsetPixels int) : void","[BlameRes(sha1='9d3922f73e41309228a620a5f37235eaeb8a01d1', oline='164', file_name='app/src/main/java/com/github/mobile/ui/issue/IssuesViewActivity.java')]"
PocketHub,4,"('c08c72add8ba74b8b88696dc72ea2f98d149561c', 'dbdeb87439e1d9c44cd481b9313c124555ca0556', '97872cae660215af8db9208a373569cedc5f52d9', 'ad8794ab57469485882511ebb382b070e0dd1bce')",Pull Up Method,app/src/main/java/com/github/mobile/ui/issue/IssuesViewActivity.java@public onPageScrollStateChanged(state int) : void,app/src/main/java/com/github/mobile/ui/PagerActivity.java@public onPageScrollStateChanged(state int) : void,"[BlameRes(sha1='d6e530a111e8008c88cd4a9242aaeb23e6284acc', oline='77', file_name='app/src/main/java/com/github/mobile/android/ui/issue/ViewIssuesActivity.java')]"
PocketHub,4,"('192d38d66e467db9bf82b50744f800d70334a92d', '614312ad51caeef74cc730621e535d08d8b3f37d', '2c72f26d1e746141b9530be86b04a9f633dd48b5', 'd9376064667022ce0f88ff6ae39f1624ea127c80')",Extract And Move Method,app/src/main/java/com/github/mobile/ui/gist/RandomGistTask.java@public start() : void,app/src/main/java/com/github/mobile/ui/ProgressDialogTask.java@protected showIndeterminate(message CharSequence) : void,"[BlameRes(sha1='e532efc5655a56104e334099e60c1512e5790a56', oline='40', file_name='app/src/main/java/com/github/mobile/android/gist/RandomGistTask.java')]"
PocketHub,4,"('c583f0b6bdc024136aaf90b81e323487d8f6f45a', '4782415312be7d88f4bd73df33c66aff3bb53686', '287567dba5b1d15d67338fbf4337a4f7afbfc215', 'acc974e9694a277888f83506a80f166192f10473')",Extract Method,"app/src/main/java/com/github/pockethub/android/ui/ItemListFragment.java@public onViewCreated(view View, savedInstanceState Bundle) : void",app/src/main/java/com/github/pockethub/android/ui/ItemListFragment.java@protected configureList(recyclerView RecyclerView) : void,"[BlameRes(sha1='aaf24368591f84968434afa7415d97328eb1c263', oline='66', file_name='app/src/main/java/com/github/mobile/ui/ItemListFragment.java')]"
PocketHub,4,"('c583f0b6bdc024136aaf90b81e323487d8f6f45a', '4782415312be7d88f4bd73df33c66aff3bb53686', '287567dba5b1d15d67338fbf4337a4f7afbfc215', 'acc974e9694a277888f83506a80f166192f10473')",Inline Method,"app/src/main/java/com/github/pockethub/android/ui/ItemListFragment.java@protected configureList(activity Activity, listView ListView) : void","app/src/main/java/com/github/pockethub/android/ui/ItemListFragment.java@public onViewCreated(view View, savedInstanceState Bundle) : void","[BlameRes(sha1='44616eec931256740038565a2735d8f6c1d4ad7d', oline='87', file_name='app/src/main/java/com/github/mobile/ui/ItemListFragment.java')]"
PocketHub,4,"('03c3da9b09873884f707716f95d4f2fc3b242a7a', 'be5105b41215617c1f0d725d7c03a47fe199ae27', '49d64a706c346b3a3a425e3e247af785bc8409f0', '892a09ad1408fde2dcb7b33eaf4ea7e0b8f87244')",Extract Method,"app/src/main/java/com/github/mobile/util/AvatarLoader.java@public bind(actionBar ActionBar, userReference AtomicReference<User>) : AvatarLoader",app/src/main/java/com/github/mobile/util/AvatarLoader.java@private getId(user User) : String,"[BlameRes(sha1='9d3922f73e41309228a620a5f37235eaeb8a01d1', oline='162', file_name='app/src/main/java/com/github/mobile/util/AvatarLoader.java')]"
PocketHub,4,"('03c3da9b09873884f707716f95d4f2fc3b242a7a', 'be5105b41215617c1f0d725d7c03a47fe199ae27', '49d64a706c346b3a3a425e3e247af785bc8409f0', '892a09ad1408fde2dcb7b33eaf4ea7e0b8f87244')",Extract Method,"app/src/main/java/com/github/mobile/util/AvatarLoader.java@public bind(view ImageView, user User) : AvatarLoader",app/src/main/java/com/github/mobile/util/AvatarLoader.java@private getId(user User) : String,"[BlameRes(sha1='4add90cad9ad71dd313853fee65465923a49b586', oline='258', file_name='app/src/main/java/com/github/mobile/util/AvatarLoader.java')]"
PocketHub,4,"('ce399ede891e2974dd85965f184fd269d2e77bf4', 'd786780cf6705fce9ac198983a0216c9b83c2b92', '55d825407bae09fdac40a29c007ebe02ca0192d1', 'e493952a0bdb0c73469ecbe4351bfcac8be8c339')",Inline Variable,app/src/main/java/com/github/mobile/ui/NewsFragment.java@uri : Uri,app/src/main/java/com/github/mobile/ui/NewsFragment.java@private openDownload(event Event) : void,"[BlameRes(sha1='0d93fad14a0bfbe2d7c4991e7fb5ca6e0c71b959', oline='110', file_name='app/src/main/java/com/github/mobile/ui/NewsFragment.java')]"
PocketHub,4,"('104cb1d167c981bbdc1a63c4ea8fc6a37ada7edd', 'ed19837f9f25e6858146b63235fe923319c8d1a0', '958987b0a0678665a9d5a836e2123a13fecdc19b', 'e4c215b6806c540b16b229f3018eeae245a816c7')",Pull Up Attribute,app/src/main/java/com/github/mobile/android/ui/user/UserNewsFragment.java@private avatarHelper : AvatarHelper,app/src/main/java/com/github/mobile/android/ui/NewsFragment.java@private avatarHelper : AvatarHelper,"[BlameRes(sha1='9ea9bff9a1c50214789fbaff0b42a28d298a049c', oline='33', file_name='app/src/main/java/com/github/mobile/android/ui/user/UserNewsFragment.java')]"
PocketHub,4,"('e56c5a87f7e8f9d49ceb5db6d6d6f64dee06d5d5', '2af147769e08f5365d646877f57477572e8b22ab', '584a134b0bdbee8ffb28f2114b6570fcf585ff99', '6ebffb235d98fa63235877977204cdb3974fe2c9')",Extract Method,"app/src/main/java/com/github/mobile/ui/user/NewsListAdapter.java@private formatCommitComment(event Event, main StyledText, details StyledText) : void","app/src/main/java/com/github/mobile/ui/user/NewsListAdapter.java@private boldRepo(text StyledText, event Event) : StyledText","[BlameRes(sha1='d8fa6213684a7d998415f93e5005e94ba05b15cb', oline='135', file_name='app/src/main/java/com/github/mobile/ui/user/NewsListAdapter.java')]"
PocketHub,4,"('e56c5a87f7e8f9d49ceb5db6d6d6f64dee06d5d5', '2af147769e08f5365d646877f57477572e8b22ab', '584a134b0bdbee8ffb28f2114b6570fcf585ff99', '6ebffb235d98fa63235877977204cdb3974fe2c9')",Extract Method,"app/src/main/java/com/github/mobile/ui/user/NewsListAdapter.java@private formatDownload(event Event, main StyledText, details StyledText) : void","app/src/main/java/com/github/mobile/ui/user/NewsListAdapter.java@private boldRepo(text StyledText, event Event) : StyledText","[BlameRes(sha1='d8fa6213684a7d998415f93e5005e94ba05b15cb', oline='144', file_name='app/src/main/java/com/github/mobile/ui/user/NewsListAdapter.java')]"
PocketHub,4,"('e56c5a87f7e8f9d49ceb5db6d6d6f64dee06d5d5', '2af147769e08f5365d646877f57477572e8b22ab', '584a134b0bdbee8ffb28f2114b6570fcf585ff99', '6ebffb235d98fa63235877977204cdb3974fe2c9')",Extract Method,"app/src/main/java/com/github/mobile/ui/user/NewsListAdapter.java@private formatDelete(event Event, main StyledText, details StyledText) : void","app/src/main/java/com/github/mobile/ui/user/NewsListAdapter.java@private boldRepo(text StyledText, event Event) : StyledText","[BlameRes(sha1='d8fa6213684a7d998415f93e5005e94ba05b15cb', oline='173', file_name='app/src/main/java/com/github/mobile/ui/user/NewsListAdapter.java')]"
PocketHub,4,"('e56c5a87f7e8f9d49ceb5db6d6d6f64dee06d5d5', '2af147769e08f5365d646877f57477572e8b22ab', '584a134b0bdbee8ffb28f2114b6570fcf585ff99', '6ebffb235d98fa63235877977204cdb3974fe2c9')",Extract Method,"app/src/main/java/com/github/mobile/ui/user/NewsListAdapter.java@private formatFork(event Event, main StyledText, details StyledText) : void","app/src/main/java/com/github/mobile/ui/user/NewsListAdapter.java@private boldRepo(text StyledText, event Event) : StyledText","[BlameRes(sha1='d8fa6213684a7d998415f93e5005e94ba05b15cb', oline='192', file_name='app/src/main/java/com/github/mobile/ui/user/NewsListAdapter.java')]"
PocketHub,4,"('e56c5a87f7e8f9d49ceb5db6d6d6f64dee06d5d5', '2af147769e08f5365d646877f57477572e8b22ab', '584a134b0bdbee8ffb28f2114b6570fcf585ff99', '6ebffb235d98fa63235877977204cdb3974fe2c9')",Extract Method,"app/src/main/java/com/github/mobile/ui/user/NewsListAdapter.java@private formatWiki(event Event, main StyledText, details StyledText) : void","app/src/main/java/com/github/mobile/ui/user/NewsListAdapter.java@private boldRepo(text StyledText, event Event) : StyledText","[BlameRes(sha1='d8fa6213684a7d998415f93e5005e94ba05b15cb', oline='215', file_name='app/src/main/java/com/github/mobile/ui/user/NewsListAdapter.java')]"
PocketHub,4,"('e56c5a87f7e8f9d49ceb5db6d6d6f64dee06d5d5', '2af147769e08f5365d646877f57477572e8b22ab', '584a134b0bdbee8ffb28f2114b6570fcf585ff99', '6ebffb235d98fa63235877977204cdb3974fe2c9')",Extract Method,"app/src/main/java/com/github/mobile/ui/user/NewsListAdapter.java@private formatIssueComment(event Event, main StyledText, details StyledText) : void","app/src/main/java/com/github/mobile/ui/user/NewsListAdapter.java@private boldRepo(text StyledText, event Event) : StyledText","[BlameRes(sha1='d8fa6213684a7d998415f93e5005e94ba05b15cb', oline='221', file_name='app/src/main/java/com/github/mobile/ui/user/NewsListAdapter.java')]"
PocketHub,4,"('e56c5a87f7e8f9d49ceb5db6d6d6f64dee06d5d5', '2af147769e08f5365d646877f57477572e8b22ab', '584a134b0bdbee8ffb28f2114b6570fcf585ff99', '6ebffb235d98fa63235877977204cdb3974fe2c9')",Extract Method,"app/src/main/java/com/github/mobile/ui/user/NewsListAdapter.java@private formatIssues(event Event, main StyledText, details StyledText) : void","app/src/main/java/com/github/mobile/ui/user/NewsListAdapter.java@private boldRepo(text StyledText, event Event) : StyledText","[BlameRes(sha1='d8fa6213684a7d998415f93e5005e94ba05b15cb', oline='243', file_name='app/src/main/java/com/github/mobile/ui/user/NewsListAdapter.java')]"
PocketHub,4,"('e56c5a87f7e8f9d49ceb5db6d6d6f64dee06d5d5', '2af147769e08f5365d646877f57477572e8b22ab', '584a134b0bdbee8ffb28f2114b6570fcf585ff99', '6ebffb235d98fa63235877977204cdb3974fe2c9')",Extract Method,"app/src/main/java/com/github/mobile/ui/user/NewsListAdapter.java@private formatAddMember(event Event, main StyledText, details StyledText) : void","app/src/main/java/com/github/mobile/ui/user/NewsListAdapter.java@private boldRepo(text StyledText, event Event) : StyledText","[BlameRes(sha1='d8fa6213684a7d998415f93e5005e94ba05b15cb', oline='260', file_name='app/src/main/java/com/github/mobile/ui/user/NewsListAdapter.java')]"
PocketHub,4,"('e56c5a87f7e8f9d49ceb5db6d6d6f64dee06d5d5', '2af147769e08f5365d646877f57477572e8b22ab', '584a134b0bdbee8ffb28f2114b6570fcf585ff99', '6ebffb235d98fa63235877977204cdb3974fe2c9')",Extract Method,"app/src/main/java/com/github/mobile/ui/user/NewsListAdapter.java@private formatPublic(event Event, main StyledText, details StyledText) : void","app/src/main/java/com/github/mobile/ui/user/NewsListAdapter.java@private boldRepo(text StyledText, event Event) : StyledText","[BlameRes(sha1='d8fa6213684a7d998415f93e5005e94ba05b15cb', oline='266', file_name='app/src/main/java/com/github/mobile/ui/user/NewsListAdapter.java')]"
PocketHub,4,"('e56c5a87f7e8f9d49ceb5db6d6d6f64dee06d5d5', '2af147769e08f5365d646877f57477572e8b22ab', '584a134b0bdbee8ffb28f2114b6570fcf585ff99', '6ebffb235d98fa63235877977204cdb3974fe2c9')",Extract Method,"app/src/main/java/com/github/mobile/ui/user/NewsListAdapter.java@private formatWatch(event Event, main StyledText, details StyledText) : void","app/src/main/java/com/github/mobile/ui/user/NewsListAdapter.java@private boldRepo(text StyledText, event Event) : StyledText","[BlameRes(sha1='d8fa6213684a7d998415f93e5005e94ba05b15cb', oline='272', file_name='app/src/main/java/com/github/mobile/ui/user/NewsListAdapter.java')]"
PocketHub,4,"('e56c5a87f7e8f9d49ceb5db6d6d6f64dee06d5d5', '2af147769e08f5365d646877f57477572e8b22ab', '584a134b0bdbee8ffb28f2114b6570fcf585ff99', '6ebffb235d98fa63235877977204cdb3974fe2c9')",Extract Method,"app/src/main/java/com/github/mobile/ui/user/NewsListAdapter.java@private formatReviewComment(event Event, main StyledText, details StyledText) : void","app/src/main/java/com/github/mobile/ui/user/NewsListAdapter.java@private boldRepo(text StyledText, event Event) : StyledText","[BlameRes(sha1='d8fa6213684a7d998415f93e5005e94ba05b15cb', oline='278', file_name='app/src/main/java/com/github/mobile/ui/user/NewsListAdapter.java')]"
PocketHub,4,"('e56c5a87f7e8f9d49ceb5db6d6d6f64dee06d5d5', '2af147769e08f5365d646877f57477572e8b22ab', '584a134b0bdbee8ffb28f2114b6570fcf585ff99', '6ebffb235d98fa63235877977204cdb3974fe2c9')",Extract Method,"app/src/main/java/com/github/mobile/ui/user/NewsListAdapter.java@private formatPullRequest(event Event, main StyledText, details StyledText) : void","app/src/main/java/com/github/mobile/ui/user/NewsListAdapter.java@private boldRepo(text StyledText, event Event) : StyledText","[BlameRes(sha1='d8fa6213684a7d998415f93e5005e94ba05b15cb', oline='287', file_name='app/src/main/java/com/github/mobile/ui/user/NewsListAdapter.java')]"
PocketHub,4,"('e56c5a87f7e8f9d49ceb5db6d6d6f64dee06d5d5', '2af147769e08f5365d646877f57477572e8b22ab', '584a134b0bdbee8ffb28f2114b6570fcf585ff99', '6ebffb235d98fa63235877977204cdb3974fe2c9')",Extract Method,"app/src/main/java/com/github/mobile/ui/user/NewsListAdapter.java@private formatPush(event Event, main StyledText, details StyledText) : void","app/src/main/java/com/github/mobile/ui/user/NewsListAdapter.java@private boldRepo(text StyledText, event Event) : StyledText","[BlameRes(sha1='d8fa6213684a7d998415f93e5005e94ba05b15cb', oline='303', file_name='app/src/main/java/com/github/mobile/ui/user/NewsListAdapter.java')]"
PocketHub,4,"('5866369d0d723560e80b8df3435ca42a381b1715', '79d4ccf1702993cb60f5f7fe5b7ec89190634457', 'c69b43f03a79b8540dea7bd891775142c63e8f8b', 'a841a6142376bfeee1e610300f289e203c3875f6')",Move And Rename Class,app/src/main/java/com/github/mobile/android/gist/PublicGistsFragment.java@com.github.mobile.android.gist.PublicGistsFragment,app/src/main/java/com/github/mobile/android/ui/gist/GistsFragment.java@com.github.mobile.android.ui.gist.GistsFragment,"[BlameRes(sha1='104cb1d167c981bbdc1a63c4ea8fc6a37ada7edd', oline='34', file_name='app/src/main/java/com/github/mobile/android/gist/PublicGistsFragment.java')]"
PocketHub,4,"('5866369d0d723560e80b8df3435ca42a381b1715', '79d4ccf1702993cb60f5f7fe5b7ec89190634457', 'c69b43f03a79b8540dea7bd891775142c63e8f8b', 'a841a6142376bfeee1e610300f289e203c3875f6')",Add Class Modifier,app/src/main/java/com/github/mobile/android/gist/PublicGistsFragment.java@com.github.mobile.android.gist.PublicGistsFragment,app/src/main/java/com/github/mobile/android/ui/gist/GistsFragment.java@com.github.mobile.android.ui.gist.GistsFragment,"[BlameRes(sha1='104cb1d167c981bbdc1a63c4ea8fc6a37ada7edd', oline='34', file_name='app/src/main/java/com/github/mobile/android/gist/PublicGistsFragment.java')]"
PocketHub,4,"('5866369d0d723560e80b8df3435ca42a381b1715', '79d4ccf1702993cb60f5f7fe5b7ec89190634457', 'c69b43f03a79b8540dea7bd891775142c63e8f8b', 'a841a6142376bfeee1e610300f289e203c3875f6')",Change Attribute Access Modifier,app/src/main/java/com/github/mobile/android/gist/PublicGistsFragment.java@private service : GistService,app/src/main/java/com/github/mobile/android/ui/gist/GistsFragment.java@protected service : GistService,"[BlameRes(sha1='104cb1d167c981bbdc1a63c4ea8fc6a37ada7edd', oline='40', file_name='app/src/main/java/com/github/mobile/android/gist/PublicGistsFragment.java')]"
PocketHub,4,"('5866369d0d723560e80b8df3435ca42a381b1715', '79d4ccf1702993cb60f5f7fe5b7ec89190634457', 'c69b43f03a79b8540dea7bd891775142c63e8f8b', 'a841a6142376bfeee1e610300f289e203c3875f6')",Change Attribute Access Modifier,app/src/main/java/com/github/mobile/android/gist/PublicGistsFragment.java@private store : GistStore,app/src/main/java/com/github/mobile/android/ui/gist/GistsFragment.java@protected store : GistStore,"[BlameRes(sha1='104cb1d167c981bbdc1a63c4ea8fc6a37ada7edd', oline='45', file_name='app/src/main/java/com/github/mobile/android/gist/PublicGistsFragment.java')]"
PocketHub,4,"('ec9c11a097beade0a09527f2e516f055bdd670a0', 'e9683b8c16a76966e9c81f855db5a70346f7a2fe', 'fca77cbfdfc18191e0d64e6a90f5eea550c7044d', '035abe51e6e1111c8ff080ceb1c71ab005e12097')",Move Class,app/src/main/java/com/github/mobile/android/issue/DashboardIssueFragment.java@com.github.mobile.android.issue.DashboardIssueFragment,app/src/main/java/com/github/mobile/android/ui/issue/DashboardIssueFragment.java@com.github.mobile.android.ui.issue.DashboardIssueFragment,"[BlameRes(sha1='7ab73d53a0d68795739502e2f59d6596f7253d01', oline='24', file_name='app/src/main/java/com/github/mobile/android/issue/DashboardIssueFragment.java')]"
PocketHub,4,"('ec9c11a097beade0a09527f2e516f055bdd670a0', 'e9683b8c16a76966e9c81f855db5a70346f7a2fe', 'fca77cbfdfc18191e0d64e6a90f5eea550c7044d', '035abe51e6e1111c8ff080ceb1c71ab005e12097')",Change Return Type,app/src/main/java/com/github/mobile/android/issue/DashboardIssueFragment.java@ResourcePager<Issue>,app/src/main/java/com/github/mobile/android/ui/issue/DashboardIssueFragment.java@ResourcePager<RepositoryIssue>,"[BlameRes(sha1='7ab73d53a0d68795739502e2f59d6596f7253d01', oline='69', file_name='app/src/main/java/com/github/mobile/android/issue/DashboardIssueFragment.java')]"
PocketHub,4,"('ec9c11a097beade0a09527f2e516f055bdd670a0', 'e9683b8c16a76966e9c81f855db5a70346f7a2fe', 'fca77cbfdfc18191e0d64e6a90f5eea550c7044d', '035abe51e6e1111c8ff080ceb1c71ab005e12097')",Extract Superclass,app/src/main/java/com/github/mobile/android/issue/DashboardIssueFragment.java@com.github.mobile.android.issue.DashboardIssueFragment,app/src/main/java/com/github/mobile/android/ui/issue/DashboardIssueFragment.java@com.github.mobile.android.ui.issue.DashboardIssueFragment,"[BlameRes(sha1='7ab73d53a0d68795739502e2f59d6596f7253d01', oline='24', file_name='app/src/main/java/com/github/mobile/android/issue/DashboardIssueFragment.java')]"
PocketHub,4,"('ec9c11a097beade0a09527f2e516f055bdd670a0', 'e9683b8c16a76966e9c81f855db5a70346f7a2fe', 'fca77cbfdfc18191e0d64e6a90f5eea550c7044d', '035abe51e6e1111c8ff080ceb1c71ab005e12097')",Extract Class,app/src/main/java/com/github/mobile/android/issue/DashboardIssueFragment.java@com.github.mobile.android.issue.DashboardIssueFragment,app/src/main/java/com/github/mobile/android/ui/issue/DashboardIssueFragment.java@com.github.mobile.android.ui.issue.DashboardIssueFragment,"[BlameRes(sha1='7ab73d53a0d68795739502e2f59d6596f7253d01', oline='24', file_name='app/src/main/java/com/github/mobile/android/issue/DashboardIssueFragment.java')]"
PocketHub,4,"('ec9c11a097beade0a09527f2e516f055bdd670a0', 'e9683b8c16a76966e9c81f855db5a70346f7a2fe', 'fca77cbfdfc18191e0d64e6a90f5eea550c7044d', '035abe51e6e1111c8ff080ceb1c71ab005e12097')",Move Attribute,app/src/main/java/com/github/mobile/android/issue/DashboardIssueFragment.java@private numberView : TextView,app/src/main/java/com/github/mobile/android/ui/issue/DashboardIssueListAdapter.java@private numberView : TextView,"[BlameRes(sha1='7fdd6ec40686176305224dd6e1b617bbb323bfa3', oline='47', file_name='app/src/main/java/com/github/mobile/android/issue/DashboardIssueFragment.java')]"
PocketHub,4,"('ec9c11a097beade0a09527f2e516f055bdd670a0', 'e9683b8c16a76966e9c81f855db5a70346f7a2fe', 'fca77cbfdfc18191e0d64e6a90f5eea550c7044d', '035abe51e6e1111c8ff080ceb1c71ab005e12097')",Add Attribute Modifier,app/src/main/java/com/github/mobile/android/issue/DashboardIssueFragment.java@private numberView : TextView,app/src/main/java/com/github/mobile/android/ui/issue/DashboardIssueListAdapter.java@private numberView : TextView,"[BlameRes(sha1='7fdd6ec40686176305224dd6e1b617bbb323bfa3', oline='47', file_name='app/src/main/java/com/github/mobile/android/issue/DashboardIssueFragment.java')]"
PocketHub,4,"('490534c2b27db8ab34cae5f173a47cf119b58a83', '4f5519135b4660348bd8d58f0d8d6ecbdf86748a', 'afa8be1635e430b52347446bef6769e5ab830518', '4d44dbf9233de7b72b240048661098a65050706e')",Rename Variable,github-android/src/main/java/com/github/mobile/android/issue/FilterIssuesActivity.java@selected : int,github-android/src/main/java/com/github/mobile/android/issue/MilestoneDialog.java@checked : int,"[BlameRes(sha1='242f9237424c72f749dc24a0938643135bfaa921', oline='256', file_name='github-android/src/main/java/com/github/mobile/android/issue/FilterIssuesActivity.java')]"
PocketHub,4,"('490534c2b27db8ab34cae5f173a47cf119b58a83', '4f5519135b4660348bd8d58f0d8d6ecbdf86748a', 'afa8be1635e430b52347446bef6769e5ab830518', '4d44dbf9233de7b72b240048661098a65050706e')",Parameterize Variable,github-android/src/main/java/com/github/mobile/android/issue/FilterIssuesActivity.java@milestone : Milestone,github-android/src/main/java/com/github/mobile/android/issue/MilestoneDialog.java@selectedMilestone : Milestone,"[BlameRes(sha1='44603eb4c5a5a2c90fff8baec3392904e11bd9ed', oline='319', file_name='github-android/src/main/java/com/github/mobile/android/issue/FilterIssuesActivity.java')]"
PocketHub,4,"('490534c2b27db8ab34cae5f173a47cf119b58a83', '4f5519135b4660348bd8d58f0d8d6ecbdf86748a', 'afa8be1635e430b52347446bef6769e5ab830518', '4d44dbf9233de7b72b240048661098a65050706e')",Change Method Access Modifier,github-android/src/main/java/com/github/mobile/android/issue/FilterIssuesActivity.java@private promptForMilestone() : void,github-android/src/main/java/com/github/mobile/android/issue/MilestoneDialog.java@public show(selectedMilestone Milestone) : void,"[BlameRes(sha1='242f9237424c72f749dc24a0938643135bfaa921', oline='251', file_name='github-android/src/main/java/com/github/mobile/android/issue/FilterIssuesActivity.java')]"
PocketHub,4,"('490534c2b27db8ab34cae5f173a47cf119b58a83', '4f5519135b4660348bd8d58f0d8d6ecbdf86748a', 'afa8be1635e430b52347446bef6769e5ab830518', '4d44dbf9233de7b72b240048661098a65050706e')",Move And Rename Method,github-android/src/main/java/com/github/mobile/android/issue/FilterIssuesActivity.java@private promptForMilestone() : void,github-android/src/main/java/com/github/mobile/android/issue/MilestoneDialog.java@public show(selectedMilestone Milestone) : void,"[BlameRes(sha1='242f9237424c72f749dc24a0938643135bfaa921', oline='251', file_name='github-android/src/main/java/com/github/mobile/android/issue/FilterIssuesActivity.java')]"
PocketHub,4,"('490534c2b27db8ab34cae5f173a47cf119b58a83', '4f5519135b4660348bd8d58f0d8d6ecbdf86748a', 'afa8be1635e430b52347446bef6769e5ab830518', '4d44dbf9233de7b72b240048661098a65050706e')",Extract Method,github-android/src/main/java/com/github/mobile/android/issue/FilterIssuesActivity.java@private promptForMilestone() : void,github-android/src/main/java/com/github/mobile/android/issue/MilestoneDialog.java@private load(selectedMilestone Milestone) : void,"[BlameRes(sha1='242f9237424c72f749dc24a0938643135bfaa921', oline='251', file_name='github-android/src/main/java/com/github/mobile/android/issue/FilterIssuesActivity.java')]"
PocketHub,5,"('81fb13d84bc7118454a0bc41ee03369d4a8bd939', '5bbb9cc28f753affa278d8ed36df5fd61a3dd684', '41ca2388cc9538980c9bc5b54cade904893660c6', '278fb4513b8db0409d489a1231c083ce6041f565', 'e110e4e811e2035b199762a6c67852f08f882ca1')",Change Method Access Modifier,app/src/main/java/com/github/pockethub/android/ui/gist/GistFileFragment.java@public onDestroyView() : void,app/src/main/java/com/github/pockethub/android/ui/issue/FiltersViewActivity.java@protected onDestroy() : void,"[BlameRes(sha1='57868fdc379e887ace0317c2993b74b6d6b8fb78', oline='86', file_name='app/src/main/java/com/github/pockethub/android/ui/gist/GistFileFragment.java')]"
PocketHub,5,"('81fb13d84bc7118454a0bc41ee03369d4a8bd939', '5bbb9cc28f753affa278d8ed36df5fd61a3dd684', '41ca2388cc9538980c9bc5b54cade904893660c6', '278fb4513b8db0409d489a1231c083ce6041f565', 'e110e4e811e2035b199762a6c67852f08f882ca1')",Move And Rename Method,app/src/main/java/com/github/pockethub/android/ui/gist/GistFileFragment.java@public onDestroyView() : void,app/src/main/java/com/github/pockethub/android/ui/issue/FiltersViewActivity.java@protected onDestroy() : void,"[BlameRes(sha1='57868fdc379e887ace0317c2993b74b6d6b8fb78', oline='86', file_name='app/src/main/java/com/github/pockethub/android/ui/gist/GistFileFragment.java')]"
PocketHub,5,"('acfbb0f3e7f0ae1735b526681dedfd1eccd0da4a', '00de47141af3fbeafe7596bb85232873e70f1ffb', '154260edc42541b494603c3f9188af0e56bf02a2', '654046d7aa19be9969f73bc9fa341fc1ce4cd775', 'f581d7801412d6bab286d7491fe48d0f40161402')",Rename Attribute,app/src/main/java/com/github/pockethub/android/ui/issue/MilestoneDialog.java@repository : Repository,app/src/main/java/com/github/pockethub/android/ui/issue/MilestoneDialog.java@milestoneSingle : Single<List<Milestone>>,"[BlameRes(sha1='be44effe48784da61df3174cf259dd3e9ead8f8e', oline='38', file_name='app/src/main/java/com/github/pockethub/android/ui/issue/MilestoneDialog.java')]"
PocketHub,5,"('acfbb0f3e7f0ae1735b526681dedfd1eccd0da4a', '00de47141af3fbeafe7596bb85232873e70f1ffb', '154260edc42541b494603c3f9188af0e56bf02a2', '654046d7aa19be9969f73bc9fa341fc1ce4cd775', 'f581d7801412d6bab286d7491fe48d0f40161402')",Change Attribute Type,app/src/main/java/com/github/pockethub/android/ui/issue/MilestoneDialog.java@repository : Repository,app/src/main/java/com/github/pockethub/android/ui/issue/MilestoneDialog.java@milestoneSingle : Single<List<Milestone>>,"[BlameRes(sha1='be44effe48784da61df3174cf259dd3e9ead8f8e', oline='38', file_name='app/src/main/java/com/github/pockethub/android/ui/issue/MilestoneDialog.java')]"
PocketHub,5,"('246cf94aa27711bf5c8af7e8fce1f423f4e38759', '9c45b792f9a6a7a795177ff676f61b31184c33e8', '2d01d8cc43cc87236fe0ade8a403cb7c4b7b053d', '0932252abb2c5d5d3a00df8fc4bea33451d0aedd', 'bd3b2f02dda326cfd2ec01969cc0011bcb5fb035')",Move And Inline Method,app/src/main/java/com/github/mobile/core/gist/FullGist.java@public getFiles() : List<GistFile>,app/src/main/java/com/github/mobile/core/gist/GistStore.java@public addGist(gist Gist) : Gist,"[BlameRes(sha1='9f45da7d3b83666b35d12185c3be0af376fc99db', oline='32', file_name='github-android/src/main/java/com/github/mobile/android/gist/FullGist.java')]"
PocketHub,5,"('b723003cd2a6a3fd544a11ed38e03d99321e18fc', '5663743a58171e4fbe6fa92c74d98565536a4ad0', '6241537eda0aef7510bb5d4e9c0f5e4e2d9fe1ad', '51ade9d015e4dfe5c18b45266dde0b71db1f7ca2', '80269d031625a89b55f99c7c36f9f451170a3942')",Rename Method,app/src/main/java/com/github/mobile/util/AvatarLoader.java@protected getImage(userId String) : BitmapDrawable,app/src/main/java/com/github/mobile/util/AvatarLoader.java@private getImageBy(filename String) : BitmapDrawable,"[BlameRes(sha1='892a09ad1408fde2dcb7b33eaf4ea7e0b8f87244', oline='101', file_name='app/src/main/java/com/github/mobile/util/AvatarLoader.java')]"
PocketHub,5,"('371b55270ee670f74422639ce9d61cdb68894e32', '210428d06b2ca21ec820694de2a4d07432ca9978', 'b002a222cbcf7d91b95d705a938cc3a652408433', '623f3463f67b05008b1fc9d510d4eeb2b43db84e', '88b2f9bc009926d7254fd17009313ef802cb9673')",Move And Rename Class,app/src/main/java/com/github/mobile/android/util/LateAuthenticatedGitHubClient.java@com.github.mobile.android.util.LateAuthenticatedGitHubClient,app/src/main/java/com/github/mobile/util/AccountGitHubClient.java@com.github.mobile.util.AccountGitHubClient,"[BlameRes(sha1='99be0e98b0b325c1b7de0f76f0d15c7783258e40', oline='13', file_name='app/src/main/java/com/github/mobile/android/util/LateAuthenticatedGitHubClient.java')]"
PocketHub,5,"('b2b21ce21a37df3f435a57498455d7d37bec4577', '436263a0b9e26d9a85fdfb78ae80210a521fc74f', '70473a3e307ed722063e0e364287d20ee69f1086', '732eba4fc69d03a28d227658635b85b88e01352c', 'd289face5d19744168a4df222005753e77754ae8')",Extract Superclass,app/src/main/java/com/github/pockethub/android/ui/DialogFragment.java@com.github.pockethub.android.ui.DialogFragment,app/src/main/java/com/github/pockethub/android/ui/DialogFragment.java@com.github.pockethub.android.ui.DialogFragment,"[BlameRes(sha1='5415082d0d8146857e4d47624e2843a5c53879e8', oline='12', file_name='app/src/main/java/com/github/mobile/ui/DialogFragment.java')]"
PocketHub,5,"('b57a925c3e9dc96e202063eacf01f0bd1dcb3d56', '90535d79cb7a1c0a9d9f390814df6a3e0c665995', '33e9ab5c9c354740bd02ade6f64cffc5cb8a6de7', 'b57f380a41d549fdaa31b32a2f243d85647f2d60', 'b723003cd2a6a3fd544a11ed38e03d99321e18fc')",Rename Variable,app/src/main/java/com/github/mobile/util/AvatarLoader.java@loadUrl : String,app/src/main/java/com/github/mobile/util/AvatarLoader.java@avatarFilename : String,"[BlameRes(sha1='4add90cad9ad71dd313853fee65465923a49b586', oline='275', file_name='app/src/main/java/com/github/mobile/util/AvatarLoader.java')]"
PocketHub,5,"('b57a925c3e9dc96e202063eacf01f0bd1dcb3d56', '90535d79cb7a1c0a9d9f390814df6a3e0c665995', '33e9ab5c9c354740bd02ade6f64cffc5cb8a6de7', 'b57f380a41d549fdaa31b32a2f243d85647f2d60', 'b723003cd2a6a3fd544a11ed38e03d99321e18fc')",Rename Variable,app/src/main/java/com/github/mobile/util/AvatarLoader.java@loadUrl : String,app/src/main/java/com/github/mobile/util/AvatarLoader.java@avatarFilename : String,"[BlameRes(sha1='872bf9fa4bac58bfa28fa69dbcfd708a662c3381', oline='240', file_name='app/src/main/java/com/github/mobile/util/AvatarLoader.java')]"
PocketHub,5,"('f7fb192f140c4ad5143e7da5a9505223ed1d977d', 'c08c72add8ba74b8b88696dc72ea2f98d149561c', 'dbdeb87439e1d9c44cd481b9313c124555ca0556', '97872cae660215af8db9208a373569cedc5f52d9', 'ad8794ab57469485882511ebb382b070e0dd1bce')",Add Method Annotation,"app/src/main/java/com/github/mobile/ui/gist/GistsViewActivity.java@public onPageScrolled(position int, positionOffset float, positionOffsetPixels int) : void",app/src/main/java/com/github/mobile/ui/PagerActivity.java@@Override,"[BlameRes(sha1='9d3922f73e41309228a620a5f37235eaeb8a01d1', oline='132', file_name='app/src/main/java/com/github/mobile/ui/gist/GistsViewActivity.java')]"
PocketHub,5,"('f7fb192f140c4ad5143e7da5a9505223ed1d977d', 'c08c72add8ba74b8b88696dc72ea2f98d149561c', 'dbdeb87439e1d9c44cd481b9313c124555ca0556', '97872cae660215af8db9208a373569cedc5f52d9', 'ad8794ab57469485882511ebb382b070e0dd1bce')",Pull Up Method,"app/src/main/java/com/github/mobile/ui/gist/GistsViewActivity.java@public onPageScrolled(position int, positionOffset float, positionOffsetPixels int) : void","app/src/main/java/com/github/mobile/ui/PagerActivity.java@public onPageScrolled(position int, positionOffset float, positionOffsetPixels int) : void","[BlameRes(sha1='9d3922f73e41309228a620a5f37235eaeb8a01d1', oline='132', file_name='app/src/main/java/com/github/mobile/ui/gist/GistsViewActivity.java')]"
PocketHub,5,"('f7fb192f140c4ad5143e7da5a9505223ed1d977d', 'c08c72add8ba74b8b88696dc72ea2f98d149561c', 'dbdeb87439e1d9c44cd481b9313c124555ca0556', '97872cae660215af8db9208a373569cedc5f52d9', 'ad8794ab57469485882511ebb382b070e0dd1bce')",Pull Up Method,app/src/main/java/com/github/mobile/ui/gist/GistsViewActivity.java@public onPageScrollStateChanged(state int) : void,app/src/main/java/com/github/mobile/ui/PagerActivity.java@public onPageScrollStateChanged(state int) : void,"[BlameRes(sha1='7ba5db898b779eb5a0b3f74698ffd6571ebc5446', oline='102', file_name='app/src/main/java/com/github/mobile/android/gist/ViewGistsActivity.java')]"
PocketHub,5,"('c3ad47f462045ce8229eebb3ff176c26725e77d1', '192d38d66e467db9bf82b50744f800d70334a92d', '614312ad51caeef74cc730621e535d08d8b3f37d', '2c72f26d1e746141b9530be86b04a9f633dd48b5', 'd9376064667022ce0f88ff6ae39f1624ea127c80')",Extract And Move Method,app/src/main/java/com/github/mobile/ui/gist/DeleteGistTask.java@public start() : void,app/src/main/java/com/github/mobile/ui/ProgressDialogTask.java@protected showIndeterminate(message CharSequence) : void,"[BlameRes(sha1='7ba5db898b779eb5a0b3f74698ffd6571ebc5446', oline='37', file_name='app/src/main/java/com/github/mobile/android/gist/DeleteGistTask.java')]"
PocketHub,5,"('c3ad47f462045ce8229eebb3ff176c26725e77d1', '192d38d66e467db9bf82b50744f800d70334a92d', '614312ad51caeef74cc730621e535d08d8b3f37d', '2c72f26d1e746141b9530be86b04a9f633dd48b5', 'd9376064667022ce0f88ff6ae39f1624ea127c80')",Extract And Move Method,app/src/main/java/com/github/mobile/ui/gist/OpenGistTask.java@public start() : void,app/src/main/java/com/github/mobile/ui/ProgressDialogTask.java@protected showIndeterminate(message CharSequence) : void,"[BlameRes(sha1='e532efc5655a56104e334099e60c1512e5790a56', oline='36', file_name='app/src/main/java/com/github/mobile/android/gist/OpenGistTask.java')]"
PocketHub,5,"('c3ad47f462045ce8229eebb3ff176c26725e77d1', '192d38d66e467db9bf82b50744f800d70334a92d', '614312ad51caeef74cc730621e535d08d8b3f37d', '2c72f26d1e746141b9530be86b04a9f633dd48b5', 'd9376064667022ce0f88ff6ae39f1624ea127c80')",Extract And Move Method,app/src/main/java/com/github/mobile/ui/issue/CreateCommentTask.java@public create(comment String) : CreateCommentTask,app/src/main/java/com/github/mobile/ui/ProgressDialogTask.java@protected showIndeterminate(message CharSequence) : void,"[BlameRes(sha1='ced358ee93fc7cae94686a43a7dd7f6c5bbb70d5', oline='37', file_name='app/src/main/java/com/github/mobile/android/ui/issue/CreateCommentTask.java')]"
PocketHub,5,"('c3ad47f462045ce8229eebb3ff176c26725e77d1', '192d38d66e467db9bf82b50744f800d70334a92d', '614312ad51caeef74cc730621e535d08d8b3f37d', '2c72f26d1e746141b9530be86b04a9f633dd48b5', 'd9376064667022ce0f88ff6ae39f1624ea127c80')",Extract And Move Method,app/src/main/java/com/github/mobile/ui/issue/EditAssigneeTask.java@public edit(user String) : EditAssigneeTask,app/src/main/java/com/github/mobile/ui/ProgressDialogTask.java@protected showIndeterminate(message CharSequence) : void,"[BlameRes(sha1='d6e530a111e8008c88cd4a9242aaeb23e6284acc', oline='49', file_name='app/src/main/java/com/github/mobile/android/ui/issue/EditAssigneeTask.java')]"
PocketHub,5,"('c3ad47f462045ce8229eebb3ff176c26725e77d1', '192d38d66e467db9bf82b50744f800d70334a92d', '614312ad51caeef74cc730621e535d08d8b3f37d', '2c72f26d1e746141b9530be86b04a9f633dd48b5', 'd9376064667022ce0f88ff6ae39f1624ea127c80')",Extract And Move Method,"app/src/main/java/com/github/mobile/ui/issue/EditIssueTask.java@public edit(title String, body String) : EditIssueTask",app/src/main/java/com/github/mobile/ui/ProgressDialogTask.java@protected showIndeterminate(message CharSequence) : void,"[BlameRes(sha1='29360c2ede6434ff0d853c71f9c3fbb06c3b189c', oline='42', file_name='app/src/main/java/com/github/mobile/android/ui/issue/EditIssueTask.java')]"
PocketHub,5,"('c3ad47f462045ce8229eebb3ff176c26725e77d1', '192d38d66e467db9bf82b50744f800d70334a92d', '614312ad51caeef74cc730621e535d08d8b3f37d', '2c72f26d1e746141b9530be86b04a9f633dd48b5', 'd9376064667022ce0f88ff6ae39f1624ea127c80')",Extract And Move Method,app/src/main/java/com/github/mobile/ui/issue/EditLabelsTask.java@public edit(labels String[]) : EditLabelsTask,app/src/main/java/com/github/mobile/ui/ProgressDialogTask.java@protected showIndeterminate(message CharSequence) : void,"[BlameRes(sha1='d6e530a111e8008c88cd4a9242aaeb23e6284acc', oline='52', file_name='app/src/main/java/com/github/mobile/android/ui/issue/EditLabelsTask.java')]"
PocketHub,5,"('c3ad47f462045ce8229eebb3ff176c26725e77d1', '192d38d66e467db9bf82b50744f800d70334a92d', '614312ad51caeef74cc730621e535d08d8b3f37d', '2c72f26d1e746141b9530be86b04a9f633dd48b5', 'd9376064667022ce0f88ff6ae39f1624ea127c80')",Extract And Move Method,app/src/main/java/com/github/mobile/ui/issue/EditMilestoneTask.java@public edit(title String) : EditMilestoneTask,app/src/main/java/com/github/mobile/ui/ProgressDialogTask.java@protected showIndeterminate(message CharSequence) : void,"[BlameRes(sha1='d6e530a111e8008c88cd4a9242aaeb23e6284acc', oline='57', file_name='app/src/main/java/com/github/mobile/android/ui/issue/EditMilestoneTask.java')]"
PocketHub,5,"('c3ad47f462045ce8229eebb3ff176c26725e77d1', '192d38d66e467db9bf82b50744f800d70334a92d', '614312ad51caeef74cc730621e535d08d8b3f37d', '2c72f26d1e746141b9530be86b04a9f633dd48b5', 'd9376064667022ce0f88ff6ae39f1624ea127c80')",Extract And Move Method,app/src/main/java/com/github/mobile/ui/issue/EditStateTask.java@public edit(close boolean) : EditStateTask,app/src/main/java/com/github/mobile/ui/ProgressDialogTask.java@protected showIndeterminate(message CharSequence) : void,"[BlameRes(sha1='d6e530a111e8008c88cd4a9242aaeb23e6284acc', oline='60', file_name='app/src/main/java/com/github/mobile/android/ui/issue/EditStateTask.java')]"
PocketHub,5,"('acc974e9694a277888f83506a80f166192f10473', '7d667ccdea3fab4ac33bd243e99e07e7ea35d153', 'b11ed7faa630dc840bcee3a29a800a41d363f2f9', '5efe73bb23d369e3e892f3fbcc0c7fec36170fbd', 'b2b21ce21a37df3f435a57498455d7d37bec4577')",Add Parameter Annotation,app/src/main/java/com/github/pockethub/android/ui/BaseActivity.java@savedInstanceState : Bundle,app/src/main/java/com/github/pockethub/android/ui/BaseActivity.java@@Nullable,"[BlameRes(sha1='5250ea85b31869331e19e2631912af027b6a7c4f', oline='15', file_name='app/src/main/java/com/github/mobile/ui/BaseActivity.java')]"
PocketHub,5,"('acc974e9694a277888f83506a80f166192f10473', '7d667ccdea3fab4ac33bd243e99e07e7ea35d153', 'b11ed7faa630dc840bcee3a29a800a41d363f2f9', '5efe73bb23d369e3e892f3fbcc0c7fec36170fbd', 'b2b21ce21a37df3f435a57498455d7d37bec4577')",Remove Method Annotation,app/src/main/java/com/github/pockethub/android/ui/BaseActivity.java@@CallSuper,app/src/main/java/com/github/pockethub/android/ui/BaseActivity.java@protected onCreate(savedInstanceState Bundle) : void,"[BlameRes(sha1='23daf26bfb4827f8fb6b349d33959d7597f36005', oline='22', file_name='app/src/main/java/com/github/pockethub/ui/BaseActivity.java')]"
PocketHub,5,"('acc974e9694a277888f83506a80f166192f10473', '7d667ccdea3fab4ac33bd243e99e07e7ea35d153', 'b11ed7faa630dc840bcee3a29a800a41d363f2f9', '5efe73bb23d369e3e892f3fbcc0c7fec36170fbd', 'b2b21ce21a37df3f435a57498455d7d37bec4577')",Add Parameter Annotation,app/src/main/java/com/github/pockethub/android/ui/base/BaseFragment.java@view : View,app/src/main/java/com/github/pockethub/android/ui/base/BaseFragment.java@@NonNull,"[BlameRes(sha1='5415082d0d8146857e4d47624e2843a5c53879e8', oline='18', file_name='app/src/main/java/com/github/mobile/ui/RoboActivities/RoboSupportFragment.java')]"
PocketHub,5,"('acc974e9694a277888f83506a80f166192f10473', '7d667ccdea3fab4ac33bd243e99e07e7ea35d153', 'b11ed7faa630dc840bcee3a29a800a41d363f2f9', '5efe73bb23d369e3e892f3fbcc0c7fec36170fbd', 'b2b21ce21a37df3f435a57498455d7d37bec4577')",Add Parameter Annotation,app/src/main/java/com/github/pockethub/android/ui/base/BaseFragment.java@savedInstanceState : Bundle,app/src/main/java/com/github/pockethub/android/ui/base/BaseFragment.java@@Nullable,"[BlameRes(sha1='5415082d0d8146857e4d47624e2843a5c53879e8', oline='18', file_name='app/src/main/java/com/github/mobile/ui/RoboActivities/RoboSupportFragment.java')]"
PocketHub,5,"('acc974e9694a277888f83506a80f166192f10473', '7d667ccdea3fab4ac33bd243e99e07e7ea35d153', 'b11ed7faa630dc840bcee3a29a800a41d363f2f9', '5efe73bb23d369e3e892f3fbcc0c7fec36170fbd', 'b2b21ce21a37df3f435a57498455d7d37bec4577')",Remove Method Annotation,app/src/main/java/com/github/pockethub/android/ui/base/BaseFragment.java@@CallSuper,"app/src/main/java/com/github/pockethub/android/ui/base/BaseFragment.java@public onViewCreated(view View, savedInstanceState Bundle) : void","[BlameRes(sha1='d401d19ea369e7277528715ede1f36d13c0341e5', oline='54', file_name='app/src/main/java/com/github/pockethub/ui/roboactivities/RoboSupportFragment.java')]"
PocketHub,5,"('ff0428954ea55a2c9b50eb6b263780cf75c92f29', 'd5ab7ca30dcec528163132707b46436d5f341cba', '80f91a11ed9df21fda30911bbb969d845253f808', '152ccb1e4af0af660975e08ff1e09df85a80a86b', '1251207452983c0bb9c1c7fa4b68ca2a55d9312d')",Replace Attribute With Variable,app/src/main/java/com/github/mobile/ui/commit/CommitDiffListFragment.java@authorName : TextView,app/src/main/java/com/github/mobile/ui/commit/CommitDiffListFragment.java@parentIdText : TextView,"[BlameRes(sha1='7761ed401f99a4e7522349b9e00eccf96cd58cbf', oline='60', file_name='app/src/main/java/com/github/mobile/ui/commit/CommitDiffListFragment.java')]"
PocketHub,5,"('d8fa6213684a7d998415f93e5005e94ba05b15cb', '5377d6eef2baf13f6682f70909dc7eb6daf444bb', '55234e6783d1c2606b014c9916392bd1503a1ea0', '6e1a95da1b2793861d56652491a3b2dcaefcb9b0', '32fdc0d270754496ec6421fc228d3b91d5a9c5da')",Change Parameter Type,app/src/main/java/com/github/mobile/ui/user/NewsListAdapter.java@text : String,app/src/main/java/com/github/mobile/ui/StyledText.java@text : CharSequence,"[BlameRes(sha1='91f7c4fc3242a46a51d8c9cacbb21fcb95363ce9', oline='139', file_name='app/src/main/java/com/github/mobile/ui/user/NewsListAdapter.java')]"
PocketHub,5,"('d8fa6213684a7d998415f93e5005e94ba05b15cb', '5377d6eef2baf13f6682f70909dc7eb6daf444bb', '55234e6783d1c2606b014c9916392bd1503a1ea0', '6e1a95da1b2793861d56652491a3b2dcaefcb9b0', '32fdc0d270754496ec6421fc228d3b91d5a9c5da')",Change Return Type,app/src/main/java/com/github/mobile/ui/user/NewsListAdapter.java@SpannableStringBuilder,app/src/main/java/com/github/mobile/ui/StyledText.java@StyledText,"[BlameRes(sha1='91f7c4fc3242a46a51d8c9cacbb21fcb95363ce9', oline='139', file_name='app/src/main/java/com/github/mobile/ui/user/NewsListAdapter.java')]"
PocketHub,5,"('d8fa6213684a7d998415f93e5005e94ba05b15cb', '5377d6eef2baf13f6682f70909dc7eb6daf444bb', '55234e6783d1c2606b014c9916392bd1503a1ea0', '6e1a95da1b2793861d56652491a3b2dcaefcb9b0', '32fdc0d270754496ec6421fc228d3b91d5a9c5da')",Remove Parameter,app/src/main/java/com/github/mobile/ui/user/NewsListAdapter.java@builder : SpannableStringBuilder,"app/src/main/java/com/github/mobile/ui/StyledText.java@public append(text CharSequence, span Object) : StyledText","[BlameRes(sha1='91f7c4fc3242a46a51d8c9cacbb21fcb95363ce9', oline='140', file_name='app/src/main/java/com/github/mobile/ui/user/NewsListAdapter.java')]"
PocketHub,5,"('d8fa6213684a7d998415f93e5005e94ba05b15cb', '5377d6eef2baf13f6682f70909dc7eb6daf444bb', '55234e6783d1c2606b014c9916392bd1503a1ea0', '6e1a95da1b2793861d56652491a3b2dcaefcb9b0', '32fdc0d270754496ec6421fc228d3b91d5a9c5da')",Change Method Access Modifier,"app/src/main/java/com/github/mobile/ui/user/NewsListAdapter.java@private appendSpan(text String, span Object, builder SpannableStringBuilder) : SpannableStringBuilder","app/src/main/java/com/github/mobile/ui/StyledText.java@public append(text CharSequence, span Object) : StyledText","[BlameRes(sha1='91f7c4fc3242a46a51d8c9cacbb21fcb95363ce9', oline='139', file_name='app/src/main/java/com/github/mobile/ui/user/NewsListAdapter.java')]"
PocketHub,5,"('d8fa6213684a7d998415f93e5005e94ba05b15cb', '5377d6eef2baf13f6682f70909dc7eb6daf444bb', '55234e6783d1c2606b014c9916392bd1503a1ea0', '6e1a95da1b2793861d56652491a3b2dcaefcb9b0', '32fdc0d270754496ec6421fc228d3b91d5a9c5da')",Remove Method Modifier,"app/src/main/java/com/github/mobile/ui/user/NewsListAdapter.java@private appendSpan(text String, span Object, builder SpannableStringBuilder) : SpannableStringBuilder","app/src/main/java/com/github/mobile/ui/StyledText.java@public append(text CharSequence, span Object) : StyledText","[BlameRes(sha1='91f7c4fc3242a46a51d8c9cacbb21fcb95363ce9', oline='139', file_name='app/src/main/java/com/github/mobile/ui/user/NewsListAdapter.java')]"
PocketHub,5,"('d8fa6213684a7d998415f93e5005e94ba05b15cb', '5377d6eef2baf13f6682f70909dc7eb6daf444bb', '55234e6783d1c2606b014c9916392bd1503a1ea0', '6e1a95da1b2793861d56652491a3b2dcaefcb9b0', '32fdc0d270754496ec6421fc228d3b91d5a9c5da')",Move And Rename Method,"app/src/main/java/com/github/mobile/ui/user/NewsListAdapter.java@private appendSpan(text String, span Object, builder SpannableStringBuilder) : SpannableStringBuilder","app/src/main/java/com/github/mobile/ui/StyledText.java@public append(text CharSequence, span Object) : StyledText","[BlameRes(sha1='91f7c4fc3242a46a51d8c9cacbb21fcb95363ce9', oline='139', file_name='app/src/main/java/com/github/mobile/ui/user/NewsListAdapter.java')]"
PocketHub,5,"('a7f2337914e87144e7c52872224d88959dcad3ae', '841e6e06ad3cdbb7a1192170e99e211356207ae1', '7ede3fff4995afc6fcc5800a2ca622b60ddabf90', '9ab778b31372b9101a0be147b126df3e79155500', '8b22284d60b7f0d62bcccda9ab8e7e89fcfdc3d0')",Extract Superclass,app/src/main/java/com/github/pockethub/ui/issue/AssigneeDialog.java@com.github.pockethub.ui.issue.AssigneeDialog,app/src/main/java/com/github/pockethub/ui/issue/AssigneeDialog.java@com.github.pockethub.ui.issue.AssigneeDialog,"[BlameRes(sha1='490534c2b27db8ab34cae5f173a47cf119b58a83', oline='18', file_name='github-android/src/main/java/com/github/mobile/android/issue/AssigneeDialog.java')]"
PocketHub,5,"('1093c1649f260bf21b3d4be9a60969067146fa0f', 'a8191203c5bdee1fe7a27d0194286aacfcf79512', 'b48daba2cbeba46c5f4d41f203dbdc54fc69e776', '08f9687e89afc30b63718029884411ec83e5ce39', 'f7002c5d4cce826f860c3e3b280d80f04656e471')",Add Parameter Modifier,github-android/src/main/java/com/github/mobile/android/util/Avatar.java@db : SQLiteDatabase,github-android/src/main/java/com/github/mobile/android/AccountDataManager.java@db : SQLiteDatabase,"[BlameRes(sha1='76f886486b5d883a2ad1aaa8246ef77e5af19fa6', oline='43', file_name='github-android/src/main/java/com/github/mobile/android/util/Avatar.java')]"
PocketHub,5,"('1093c1649f260bf21b3d4be9a60969067146fa0f', 'a8191203c5bdee1fe7a27d0194286aacfcf79512', 'b48daba2cbeba46c5f4d41f203dbdc54fc69e776', '08f9687e89afc30b63718029884411ec83e5ce39', 'f7002c5d4cce826f860c3e3b280d80f04656e471')",Add Parameter Modifier,github-android/src/main/java/com/github/mobile/android/util/Avatar.java@oldVersion : int,github-android/src/main/java/com/github/mobile/android/AccountDataManager.java@oldVersion : int,"[BlameRes(sha1='76f886486b5d883a2ad1aaa8246ef77e5af19fa6', oline='43', file_name='github-android/src/main/java/com/github/mobile/android/util/Avatar.java')]"
PocketHub,5,"('1093c1649f260bf21b3d4be9a60969067146fa0f', 'a8191203c5bdee1fe7a27d0194286aacfcf79512', 'b48daba2cbeba46c5f4d41f203dbdc54fc69e776', '08f9687e89afc30b63718029884411ec83e5ce39', 'f7002c5d4cce826f860c3e3b280d80f04656e471')",Add Parameter Modifier,github-android/src/main/java/com/github/mobile/android/util/Avatar.java@newVersion : int,github-android/src/main/java/com/github/mobile/android/AccountDataManager.java@newVersion : int,"[BlameRes(sha1='76f886486b5d883a2ad1aaa8246ef77e5af19fa6', oline='43', file_name='github-android/src/main/java/com/github/mobile/android/util/Avatar.java')]"
PocketHub,5,"('1093c1649f260bf21b3d4be9a60969067146fa0f', 'a8191203c5bdee1fe7a27d0194286aacfcf79512', 'b48daba2cbeba46c5f4d41f203dbdc54fc69e776', '08f9687e89afc30b63718029884411ec83e5ce39', 'f7002c5d4cce826f860c3e3b280d80f04656e471')",Add Method Annotation,"github-android/src/main/java/com/github/mobile/android/util/Avatar.java@public onUpgrade(db SQLiteDatabase, oldVersion int, newVersion int) : void",github-android/src/main/java/com/github/mobile/android/AccountDataManager.java@@Override,"[BlameRes(sha1='76f886486b5d883a2ad1aaa8246ef77e5af19fa6', oline='43', file_name='github-android/src/main/java/com/github/mobile/android/util/Avatar.java')]"
PocketHub,5,"('1093c1649f260bf21b3d4be9a60969067146fa0f', 'a8191203c5bdee1fe7a27d0194286aacfcf79512', 'b48daba2cbeba46c5f4d41f203dbdc54fc69e776', '08f9687e89afc30b63718029884411ec83e5ce39', 'f7002c5d4cce826f860c3e3b280d80f04656e471')",Move Method,"github-android/src/main/java/com/github/mobile/android/util/Avatar.java@public onUpgrade(db SQLiteDatabase, oldVersion int, newVersion int) : void","github-android/src/main/java/com/github/mobile/android/AccountDataManager.java@public onUpgrade(db SQLiteDatabase, oldVersion int, newVersion int) : void","[BlameRes(sha1='76f886486b5d883a2ad1aaa8246ef77e5af19fa6', oline='43', file_name='github-android/src/main/java/com/github/mobile/android/util/Avatar.java')]"
PocketHub,5,"('1093c1649f260bf21b3d4be9a60969067146fa0f', 'a8191203c5bdee1fe7a27d0194286aacfcf79512', 'b48daba2cbeba46c5f4d41f203dbdc54fc69e776', '08f9687e89afc30b63718029884411ec83e5ce39', 'f7002c5d4cce826f860c3e3b280d80f04656e471')",Add Parameter Modifier,github-android/src/main/java/com/github/mobile/android/util/Avatar.java@login : String,github-android/src/main/java/com/github/mobile/android/AccountDataManager.java@login : String,"[BlameRes(sha1='76f886486b5d883a2ad1aaa8246ef77e5af19fa6', oline='48', file_name='github-android/src/main/java/com/github/mobile/android/util/Avatar.java')]"
PocketHub,5,"('1093c1649f260bf21b3d4be9a60969067146fa0f', 'a8191203c5bdee1fe7a27d0194286aacfcf79512', 'b48daba2cbeba46c5f4d41f203dbdc54fc69e776', '08f9687e89afc30b63718029884411ec83e5ce39', 'f7002c5d4cce826f860c3e3b280d80f04656e471')",Move Method,github-android/src/main/java/com/github/mobile/android/util/Avatar.java@public getAvatar(login String) : byte[],github-android/src/main/java/com/github/mobile/android/AccountDataManager.java@public getAvatar(login String) : byte[],"[BlameRes(sha1='76f886486b5d883a2ad1aaa8246ef77e5af19fa6', oline='48', file_name='github-android/src/main/java/com/github/mobile/android/util/Avatar.java')]"
