Repository,Granularity level,fine-grained commits,CGR type,CGR left,CGR right,CGR traced location,Cause
rest.li,2,"('bdaa16c894f4bbfa1d3538f5902d31acdd866dbd', '14c09a3edc53b2c269509b2c94d79cb1c3b11809')",Remove Parameter,"generator/src/main/java/com/linkedin/pegasus/generator/JavaDataTemplateGenerator.java@fieldsToReset : Map<String,JVar>","generator/src/main/java/com/linkedin/pegasus/generator/JavaDataTemplateGenerator.java@private generateCopierMethods(templateClass JDefinedClass, fields Map<String,JVar>, changeListenerClass JClass) : void","[BlameRes(sha1='fbcb0df12ad19321bd7381751637c73761db11f8', oline='254', file_name='generator/src/main/java/com/linkedin/pegasus/generator/JavaDataTemplateGenerator.java')]"
rest.li,2,"('5e9a01023a8792779cf4c49600803f356de0fb61', '3cf55dcd738104a0ccdab9923529a70b838293ec')",Change Parameter Type,generator/src/main/java/com/linkedin/pegasus/generator/JavaDataTemplateGenerator.java@dataMapSize : JExpression,generator/src/main/java/com/linkedin/pegasus/generator/JavaDataTemplateGenerator.java@dataMapSize : int,"[BlameRes(sha1='85b24159e2b2280855e93c1fda8e157a85c63773', oline='631', file_name='generator/src/main/java/com/linkedin/pegasus/generator/JavaDataTemplateGenerator.java')]"
rest.li,2,"('22116bdec0cc4487502fbd34e2a28012bb28f47d', 'f7abc2cde84fb22e259159eb82d91295847668fb')",Replace Attribute,data/src/main/java/com/linkedin/data/codec/JacksonDataCodec.java@protected _jsonFactory : JsonFactory,d2/src/main/java/com/linkedin/d2/balancer/zkfs/ZKFSTogglingLoadBalancerFactoryImpl.java@private _factory : ComponentFactory,"[BlameRes(sha1='25f8909916cb4a96bdffcf2257bbc3325f16f854', oline='837', file_name='data/src/main/java/com/linkedin/data/codec/JacksonDataCodec.java')]"
rest.li,2,"('ba137ee06cfb151614573a1cd049a0c9fdbbe1c5', '7dda8aa96d06c2ca9e800ac4e181e668fa0ac49b')",Change Parameter Type,d2/src/test/java/com/linkedin/d2/discovery/stores/mock/MockStore.java@shutdown : PropertyEventShutdownCallback,d2/src/test/java/com/linkedin/d2/discovery/stores/mock/MockStore.java@shutdown : Callback<None>,"[BlameRes(sha1='b14c3f4a081294107eccda66e27ddd46a0c2c38e', oline='89', file_name='d2/src/test/java/com/linkedin/d2/discovery/stores/mock/MockStore.java')]"
rest.li,2,"('ba137ee06cfb151614573a1cd049a0c9fdbbe1c5', '7dda8aa96d06c2ca9e800ac4e181e668fa0ac49b')",Change Parameter Type,restli-int-test/src/test/java/com/linkedin/restli/client/MockStore.java@shutdown : PropertyEventShutdownCallback,restli-int-test/src/test/java/com/linkedin/restli/client/MockStore.java@shutdown : Callback<None>,"[BlameRes(sha1='b14c3f4a081294107eccda66e27ddd46a0c2c38e', oline='89', file_name='restli-int-test/src/test/java/com/linkedin/restli/client/MockStore.java')]"
rest.li,2,"('4c08d3e65e953d9be21ba8471f08230a8df64871', '35b074de62f22d636504ba670b38782933fca885')",Rename Variable,restli-client-parseq/src/main/java/com/linkedin/restli/client/ParSeqRestClient.java@e : Exception,restli-client/src/main/java/com/linkedin/restli/client/RestLiStreamCallbackAdapter.java@exception : Exception,"[BlameRes(sha1='b14c3f4a081294107eccda66e27ddd46a0c2c38e', oline='53', file_name='restli-client/src/main/java/com/linkedin/restli/client/ParSeqRestClient.java')]"
rest.li,2,"('4c08d3e65e953d9be21ba8471f08230a8df64871', '35b074de62f22d636504ba670b38782933fca885')",Change Parameter Type,restli-client-parseq/src/main/java/com/linkedin/restli/client/ParSeqRestClient.java@result : Response<T>,restli-client/src/main/java/com/linkedin/restli/client/RestLiStreamCallbackAdapter.java@result : StreamResponse,"[BlameRes(sha1='b14c3f4a081294107eccda66e27ddd46a0c2c38e', oline='47', file_name='restli-client/src/main/java/com/linkedin/restli/client/ParSeqRestClient.java')]"
rest.li,2,"('4c08d3e65e953d9be21ba8471f08230a8df64871', '35b074de62f22d636504ba670b38782933fca885')",Remove Parameter Modifier,restli-client-parseq/src/main/java/com/linkedin/restli/client/ParSeqRestClient.java@result : Response<T>,restli-client/src/main/java/com/linkedin/restli/client/RestLiStreamCallbackAdapter.java@result : StreamResponse,"[BlameRes(sha1='b14c3f4a081294107eccda66e27ddd46a0c2c38e', oline='47', file_name='restli-client/src/main/java/com/linkedin/restli/client/ParSeqRestClient.java')]"
rest.li,2,"('4c08d3e65e953d9be21ba8471f08230a8df64871', '35b074de62f22d636504ba670b38782933fca885')",Move Method,restli-client-parseq/src/main/java/com/linkedin/restli/client/ParSeqRestClient.java@public onSuccess(result Response<T>) : void,restli-client/src/main/java/com/linkedin/restli/client/RestLiStreamCallbackAdapter.java@public onSuccess(result StreamResponse) : void,"[BlameRes(sha1='b14c3f4a081294107eccda66e27ddd46a0c2c38e', oline='46', file_name='restli-client/src/main/java/com/linkedin/restli/client/ParSeqRestClient.java')]"
rest.li,2,"('c1719ec6f64b00cb6c6883040511072a32608aaf', 'bc43a45c371669f9ecacb6b662a016945a62f0d7')",Add Class Annotation,restli-server/src/main/java/com/linkedin/restli/server/InvokeAware.java@com.linkedin.restli.server.InvokeAware,restli-server/src/main/java/com/linkedin/restli/server/InvokeAware.java@@Deprecated,"[BlameRes(sha1='068cdbb2478a03768d241f41ca7c6e62fb8146de', oline='6', file_name='restli-server/src/main/java/com/linkedin/restli/server/InvokeAware.java')]"
rest.li,2,"('c1719ec6f64b00cb6c6883040511072a32608aaf', 'bc43a45c371669f9ecacb6b662a016945a62f0d7')",Add Class Annotation,restli-server/src/main/java/com/linkedin/restli/server/RestLiMethodContext.java@com.linkedin.restli.server.RestLiMethodContext,restli-server/src/main/java/com/linkedin/restli/server/RestLiMethodContext.java@@Deprecated,"[BlameRes(sha1='068cdbb2478a03768d241f41ca7c6e62fb8146de', oline='8', file_name='restli-server/src/main/java/com/linkedin/restli/server/RestLiMethodContext.java')]"
rest.li,2,"('c1719ec6f64b00cb6c6883040511072a32608aaf', 'bc43a45c371669f9ecacb6b662a016945a62f0d7')",Add Method Annotation,"restli-server/src/main/java/com/linkedin/restli/server/RestLiServer.java@public RestLiServer(config RestLiConfig, resourceFactory ResourceFactory, engine Engine, invokeAwares List<InvokeAware>)",restli-server/src/main/java/com/linkedin/restli/server/RestLiServer.java@@Deprecated,"[BlameRes(sha1='068cdbb2478a03768d241f41ca7c6e62fb8146de', oline='60', file_name='restli-server/src/main/java/com/linkedin/restli/server/RestLiServer.java')]"
rest.li,2,"('20ab1d4cabb447c22197d0f364fa7197f883052c', 'e6307de3e08eb65604a083991a6adf81a892121c')",Change Parameter Type,restli-server/src/main/java/com/linkedin/restli/internal/server/model/Parameter.java@elementClass : Class<T>,restli-docgen/src/main/java/com/linkedin/restli/docgen/examplegen/ExampleRequestResponseGenerator.java@elementClass : Class<E>,"[BlameRes(sha1='ce586e7bd4dce3060c024c0aad3c372fbf367a8b', oline='240', file_name='restli-server/src/main/java/com/linkedin/restli/internal/server/model/Parameter.java')]"
rest.li,2,"('20ab1d4cabb447c22197d0f364fa7197f883052c', 'e6307de3e08eb65604a083991a6adf81a892121c')",Remove Method Annotation,"restli-server/src/main/java/com/linkedin/restli/internal/server/model/Parameter.java@@SuppressWarnings(""unchecked"")","restli-docgen/src/main/java/com/linkedin/restli/docgen/examplegen/ExampleRequestResponseGenerator.java@public ArrayTemplatePlaceholder(list DataList, schema ArrayDataSchema, elementClass Class<E>)","[BlameRes(sha1='ce586e7bd4dce3060c024c0aad3c372fbf367a8b', oline='239', file_name='restli-server/src/main/java/com/linkedin/restli/internal/server/model/Parameter.java')]"
rest.li,2,"('20ab1d4cabb447c22197d0f364fa7197f883052c', 'e6307de3e08eb65604a083991a6adf81a892121c')",Change Method Access Modifier,"restli-server/src/main/java/com/linkedin/restli/internal/server/model/Parameter.java@private DynamicWrappedArray(list DataList, schema ArrayDataSchema, elementClass Class<T>)","restli-docgen/src/main/java/com/linkedin/restli/docgen/examplegen/ExampleRequestResponseGenerator.java@public ArrayTemplatePlaceholder(list DataList, schema ArrayDataSchema, elementClass Class<E>)","[BlameRes(sha1='ce586e7bd4dce3060c024c0aad3c372fbf367a8b', oline='239', file_name='restli-server/src/main/java/com/linkedin/restli/internal/server/model/Parameter.java')]"
rest.li,2,"('20ab1d4cabb447c22197d0f364fa7197f883052c', 'e6307de3e08eb65604a083991a6adf81a892121c')",Move And Rename Method,"restli-server/src/main/java/com/linkedin/restli/internal/server/model/Parameter.java@private DynamicWrappedArray(list DataList, schema ArrayDataSchema, elementClass Class<T>)","restli-docgen/src/main/java/com/linkedin/restli/docgen/examplegen/ExampleRequestResponseGenerator.java@public ArrayTemplatePlaceholder(list DataList, schema ArrayDataSchema, elementClass Class<E>)","[BlameRes(sha1='ce586e7bd4dce3060c024c0aad3c372fbf367a8b', oline='239', file_name='restli-server/src/main/java/com/linkedin/restli/internal/server/model/Parameter.java')]"
rest.li,2,"('d9f68994cdc9d31a3f0099c81b611a0f2401e0ec', 'bb0c7606716c39349096c4a448462d194ba987c1')",Remove Parameter,d2/src/main/java/com/linkedin/d2/balancer/strategies/degrader/DegraderLoadBalancerStrategyV3.java@d2MonitorBuilder : D2MonitorBuilder,"d2/src/main/java/com/linkedin/d2/balancer/strategies/degrader/DegraderLoadBalancerStrategyV3.java@private doUpdatePartitionState(clusterGenerationId long, partitionId int, oldState PartitionDegraderLoadBalancerState, config DegraderLoadBalancerStrategyConfig, trackerClientUpdaters List<TrackerClientUpdater>, isQuarantineEnabled boolean) : PartitionDegraderLoadBalancerState","[BlameRes(sha1='7f61e4951f8bd224642081db742c5a79e321cda0', oline='359', file_name='d2/src/main/java/com/linkedin/d2/balancer/strategies/degrader/DegraderLoadBalancerStrategyV3.java')]"
rest.li,2,"('15c3bc129ac63110218834f9ef0b3ea9d9a82bda', '0473a93dcf6d39577576fa003ffa7068227acbcb')",Change Variable Type,restli-server/src/test/java/com/linkedin/restli/internal/server/TestRestLiCallback.java@responseErrorData : RestLiResponseEnvelope,restli-server/src/test/java/com/linkedin/restli/internal/server/response/TestRestLiCallback.java@responseErrorData : RestLiResponseDataImpl,"[BlameRes(sha1='6358abeee96e89a8a0a7bdbea1dac368286370fb', oline='324', file_name='restli-server/src/test/java/com/linkedin/restli/internal/server/TestRestLiCallback.java')]"
rest.li,2,"('15c3bc129ac63110218834f9ef0b3ea9d9a82bda', '0473a93dcf6d39577576fa003ffa7068227acbcb')",Change Variable Type,restli-server/src/test/java/com/linkedin/restli/internal/server/TestRestLiCallback.java@responseFilterData : RestLiResponseEnvelope,restli-server/src/test/java/com/linkedin/restli/internal/server/response/TestRestLiCallback.java@responseAppData : RestLiResponseDataImpl,"[BlameRes(sha1='27eed6d5ce721b14633a3613d1765467c7374b30', oline='773', file_name='restli-server/src/test/java/com/linkedin/restli/internal/server/TestRestLiCallback.java')]"
rest.li,2,"('15c3bc129ac63110218834f9ef0b3ea9d9a82bda', '0473a93dcf6d39577576fa003ffa7068227acbcb')",Rename Variable,restli-server/src/test/java/com/linkedin/restli/internal/server/TestRestLiCallback.java@responseFilterData : RestLiResponseEnvelope,restli-server/src/test/java/com/linkedin/restli/internal/server/response/TestRestLiCallback.java@responseAppData : RestLiResponseDataImpl,"[BlameRes(sha1='27eed6d5ce721b14633a3613d1765467c7374b30', oline='773', file_name='restli-server/src/test/java/com/linkedin/restli/internal/server/TestRestLiCallback.java')]"
rest.li,2,"('ef0b36f3bc45f8c8e0df278fcf70a820eeecd15e', '07b2c5ffa2b4812ec8ce64569f84149bf6953665')",Move Method,r2/src/main/java/com/linkedin/r2/message/rpc/RpcRequestImpl.java@public hashCode() : int,pegasus-common/src/main/java/com/linkedin/common/Version.java@public hashCode() : int,"[BlameRes(sha1='b14c3f4a081294107eccda66e27ddd46a0c2c38e', oline='59', file_name='r2/src/main/java/com/linkedin/r2/message/rpc/RpcRequestImpl.java')]"
rest.li,2,"('aeff86fcf4e67dcd7cfb156b199fc6808a57b7db', 'dc7a9e0c920875c7a3f2970cfb4e2e722aea4388')",Extract Variable,restli-tools/src/main/java/com/linkedin/restli/tools/compatibility/CompatibilityInfoMap.java@,restli-tools/src/main/java/com/linkedin/restli/tools/compatibility/CompatibilityInfoMap.java@info : String,"[BlameRes(sha1='3c9634069ecd060b4da8c44c05da5315b5f8477d', oline='54', file_name='restli-tools/src/main/java/com/linkedin/restli/tools/compatibility/CompatibilityInfoMap.java')]"
rest.li,2,"('aeff86fcf4e67dcd7cfb156b199fc6808a57b7db', 'dc7a9e0c920875c7a3f2970cfb4e2e722aea4388')",Extract Variable,restli-tools/src/main/java/com/linkedin/restli/tools/compatibility/CompatibilityInfoMap.java@,restli-tools/src/main/java/com/linkedin/restli/tools/compatibility/CompatibilityInfoMap.java@info : String,"[BlameRes(sha1='3c9634069ecd060b4da8c44c05da5315b5f8477d', oline='54', file_name='restli-tools/src/main/java/com/linkedin/restli/tools/compatibility/CompatibilityInfoMap.java')]"
rest.li,2,"('aeff86fcf4e67dcd7cfb156b199fc6808a57b7db', 'dc7a9e0c920875c7a3f2970cfb4e2e722aea4388')",Rename Attribute,restli-tools/src/main/java/com/linkedin/restli/tools/idlcheck/CompatibilityInfo.java@TYPE_INCOMPATIBLE : Type,restli-tools/src/main/java/com/linkedin/restli/tools/idlcheck/CompatibilityInfo.java@TYPE_ERROR : Type,"[BlameRes(sha1='b14c3f4a081294107eccda66e27ddd46a0c2c38e', oline='27', file_name='restli-tools/src/main/java/com/linkedin/restli/tools/idlcheck/CompatibilityInfo.java')]"
rest.li,2,"('9d354ff4d89f8a1d632e8a75c4376a06de3e3311', '1f98419ccec0f797a713be54a5e2b93f584c916f')",Move Attribute,restli-tools/src/test/java/com/linkedin/restli/tools/idlgen/TestRestLiResourceModelExporter.java@private RESOURCES_DIR : String,restli-tools/src/test/java/com/linkedin/restli/tools/clientgen/TestRestRequestBuilderGenerator.java@private RESOURCES_DIR : String,"[BlameRes(sha1='b14c3f4a081294107eccda66e27ddd46a0c2c38e', oline='25', file_name='restli-tools/src/test/java/com/linkedin/restli/tools/idlgen/TestRestLiResourceModelExporter.java')]"
rest.li,2,"('9d354ff4d89f8a1d632e8a75c4376a06de3e3311', '1f98419ccec0f797a713be54a5e2b93f584c916f')",Add Attribute Modifier,restli-tools/src/test/java/com/linkedin/restli/tools/idlgen/TestRestLiResourceModelExporter.java@private RESOURCES_DIR : String,restli-tools/src/test/java/com/linkedin/restli/tools/clientgen/TestRestRequestBuilderGenerator.java@private RESOURCES_DIR : String,"[BlameRes(sha1='b14c3f4a081294107eccda66e27ddd46a0c2c38e', oline='25', file_name='restli-tools/src/test/java/com/linkedin/restli/tools/idlgen/TestRestLiResourceModelExporter.java')]"
rest.li,2,"('ee6863dc57738aab7276465919af3c4ce01cda88', '2073883c6ff9a5bd419df4cb3d44bcd352b6be2a')",Extract Class,generator-test/src/test/java/com/linkedin/pegasus/generator/test/TestRecord.java@com.linkedin.pegasus.generator.test.TestRecord,generator-test/src/test/java/com/linkedin/pegasus/generator/test/TestRecord.java@com.linkedin.pegasus.generator.test.TestRecord,"[BlameRes(sha1='b14c3f4a081294107eccda66e27ddd46a0c2c38e', oline='15', file_name='generator-test/src/test/java/com/linkedin/pegasus/generator/test/TestRecord.java')]"
rest.li,2,"('ee6863dc57738aab7276465919af3c4ce01cda88', '2073883c6ff9a5bd419df4cb3d44bcd352b6be2a')",Move Method,generator-test/src/test/java/com/linkedin/pegasus/generator/test/TestRecord.java@public testClone() : void,generator-test/src/test/java/com/linkedin/pegasus/generator/test/TestFixed.java@public testClone() : void,"[BlameRes(sha1='f5609612fb8335ddc1baef576c0e1e4a7af680b8', oline='135', file_name='generator-test/src/test/java/com/linkedin/pegasus/generator/test/TestRecord.java')]"
rest.li,2,"('ee6863dc57738aab7276465919af3c4ce01cda88', '2073883c6ff9a5bd419df4cb3d44bcd352b6be2a')",Change Variable Type,generator-test/src/test/java/com/linkedin/pegasus/generator/test/TestRecord.java@clone : RecordTest,generator-test/src/test/java/com/linkedin/pegasus/generator/test/TestFixed.java@fixedClone : FixedMD5,"[BlameRes(sha1='f5609612fb8335ddc1baef576c0e1e4a7af680b8', oline='143', file_name='generator-test/src/test/java/com/linkedin/pegasus/generator/test/TestRecord.java')]"
rest.li,2,"('ee6863dc57738aab7276465919af3c4ce01cda88', '2073883c6ff9a5bd419df4cb3d44bcd352b6be2a')",Change Variable Type,generator-test/src/test/java/com/linkedin/pegasus/generator/test/TestRecord.java@record : RecordTest,generator-test/src/test/java/com/linkedin/pegasus/generator/test/TestFixed.java@fixed : FixedMD5,"[BlameRes(sha1='f5609612fb8335ddc1baef576c0e1e4a7af680b8', oline='138', file_name='generator-test/src/test/java/com/linkedin/pegasus/generator/test/TestRecord.java')]"
rest.li,2,"('ee6863dc57738aab7276465919af3c4ce01cda88', '2073883c6ff9a5bd419df4cb3d44bcd352b6be2a')",Rename Variable,generator-test/src/test/java/com/linkedin/pegasus/generator/test/TestRecord.java@clone : RecordTest,generator-test/src/test/java/com/linkedin/pegasus/generator/test/TestFixed.java@fixedClone : FixedMD5,"[BlameRes(sha1='f5609612fb8335ddc1baef576c0e1e4a7af680b8', oline='143', file_name='generator-test/src/test/java/com/linkedin/pegasus/generator/test/TestRecord.java')]"
rest.li,2,"('ee6863dc57738aab7276465919af3c4ce01cda88', '2073883c6ff9a5bd419df4cb3d44bcd352b6be2a')",Rename Variable,generator-test/src/test/java/com/linkedin/pegasus/generator/test/TestRecord.java@record : RecordTest,generator-test/src/test/java/com/linkedin/pegasus/generator/test/TestFixed.java@fixed : FixedMD5,"[BlameRes(sha1='f5609612fb8335ddc1baef576c0e1e4a7af680b8', oline='138', file_name='generator-test/src/test/java/com/linkedin/pegasus/generator/test/TestRecord.java')]"
rest.li,2,"('ee6863dc57738aab7276465919af3c4ce01cda88', '2073883c6ff9a5bd419df4cb3d44bcd352b6be2a')",Move Method,generator-test/src/test/java/com/linkedin/pegasus/generator/test/TestRecord.java@public testCopy() : void,generator-test/src/test/java/com/linkedin/pegasus/generator/test/TestFixed.java@public testCopy() : void,"[BlameRes(sha1='f5609612fb8335ddc1baef576c0e1e4a7af680b8', oline='150', file_name='generator-test/src/test/java/com/linkedin/pegasus/generator/test/TestRecord.java')]"
rest.li,2,"('ee6863dc57738aab7276465919af3c4ce01cda88', '2073883c6ff9a5bd419df4cb3d44bcd352b6be2a')",Change Variable Type,generator-test/src/test/java/com/linkedin/pegasus/generator/test/TestRecord.java@copy : RecordTest,generator-test/src/test/java/com/linkedin/pegasus/generator/test/TestFixed.java@fixedCopy : FixedMD5,"[BlameRes(sha1='f5609612fb8335ddc1baef576c0e1e4a7af680b8', oline='160', file_name='generator-test/src/test/java/com/linkedin/pegasus/generator/test/TestRecord.java')]"
rest.li,2,"('ee6863dc57738aab7276465919af3c4ce01cda88', '2073883c6ff9a5bd419df4cb3d44bcd352b6be2a')",Change Variable Type,generator-test/src/test/java/com/linkedin/pegasus/generator/test/TestRecord.java@record : RecordTest,generator-test/src/test/java/com/linkedin/pegasus/generator/test/TestFixed.java@fixed : FixedMD5,"[BlameRes(sha1='f5609612fb8335ddc1baef576c0e1e4a7af680b8', oline='153', file_name='generator-test/src/test/java/com/linkedin/pegasus/generator/test/TestRecord.java')]"
rest.li,2,"('ee6863dc57738aab7276465919af3c4ce01cda88', '2073883c6ff9a5bd419df4cb3d44bcd352b6be2a')",Rename Variable,generator-test/src/test/java/com/linkedin/pegasus/generator/test/TestRecord.java@copy : RecordTest,generator-test/src/test/java/com/linkedin/pegasus/generator/test/TestFixed.java@fixedCopy : FixedMD5,"[BlameRes(sha1='f5609612fb8335ddc1baef576c0e1e4a7af680b8', oline='160', file_name='generator-test/src/test/java/com/linkedin/pegasus/generator/test/TestRecord.java')]"
rest.li,2,"('ee6863dc57738aab7276465919af3c4ce01cda88', '2073883c6ff9a5bd419df4cb3d44bcd352b6be2a')",Rename Variable,generator-test/src/test/java/com/linkedin/pegasus/generator/test/TestRecord.java@record : RecordTest,generator-test/src/test/java/com/linkedin/pegasus/generator/test/TestFixed.java@fixed : FixedMD5,"[BlameRes(sha1='f5609612fb8335ddc1baef576c0e1e4a7af680b8', oline='153', file_name='generator-test/src/test/java/com/linkedin/pegasus/generator/test/TestRecord.java')]"
rest.li,3,"('5c41732130d78b05d5511e776e042c4142ea4acd', '366533d4a4258c7a398f3afe7e47f45fd42d3033', 'f477d2af473d834a325d20558d67891c75f72552')",Rename Parameter,r2-netty/src/main/java/com/linkedin/r2/transport/http/client/HttpClientFactory.java@tcpNoDelay : boolean,r2-netty/src/main/java/com/linkedin/r2/transport/http/client/HttpClientFactory.java@deprecatedTcpNoDelay : boolean,"[BlameRes(sha1='c0f4a546734add35228a1892aedca91c215ef07a', oline='252', file_name='r2-netty/src/main/java/com/linkedin/r2/transport/http/client/HttpClientFactory.java')]"
rest.li,3,"('5c41732130d78b05d5511e776e042c4142ea4acd', '366533d4a4258c7a398f3afe7e47f45fd42d3033', 'f477d2af473d834a325d20558d67891c75f72552')",Rename Parameter,r2-netty/src/main/java/com/linkedin/r2/transport/http/client/HttpClientFactory.java@tcpNoDelay : boolean,r2-netty/src/main/java/com/linkedin/r2/transport/http/client/HttpClientFactory.java@deprecatedTcpNoDelay : boolean,"[BlameRes(sha1='c0f4a546734add35228a1892aedca91c215ef07a', oline='266', file_name='r2-netty/src/main/java/com/linkedin/r2/transport/http/client/HttpClientFactory.java')]"
rest.li,3,"('5c41732130d78b05d5511e776e042c4142ea4acd', '366533d4a4258c7a398f3afe7e47f45fd42d3033', 'f477d2af473d834a325d20558d67891c75f72552')",Remove Parameter Modifier,r2-netty/src/main/java/com/linkedin/r2/transport/http/client/HttpClientFactory.java@requestCompressionThresholdDefault : int,r2-netty/src/main/java/com/linkedin/r2/transport/http/client/HttpClientFactory.java@requestCompressionThresholdDefault : int,"[BlameRes(sha1='9d2d5649002fe5ec6f45f4e941003647c2d77a43', oline='288', file_name='r2-netty/src/main/java/com/linkedin/r2/transport/http/client/HttpClientFactory.java')]"
rest.li,3,"('5c41732130d78b05d5511e776e042c4142ea4acd', '366533d4a4258c7a398f3afe7e47f45fd42d3033', 'f477d2af473d834a325d20558d67891c75f72552')",Remove Parameter Modifier,"r2-netty/src/main/java/com/linkedin/r2/transport/http/client/HttpClientFactory.java@requestCompressionConfigs : Map<String,CompressionConfig>","r2-netty/src/main/java/com/linkedin/r2/transport/http/client/HttpClientFactory.java@requestCompressionConfigs : Map<String,CompressionConfig>","[BlameRes(sha1='9d2d5649002fe5ec6f45f4e941003647c2d77a43', oline='289', file_name='r2-netty/src/main/java/com/linkedin/r2/transport/http/client/HttpClientFactory.java')]"
rest.li,3,"('5c41732130d78b05d5511e776e042c4142ea4acd', '366533d4a4258c7a398f3afe7e47f45fd42d3033', 'f477d2af473d834a325d20558d67891c75f72552')",Rename Parameter,r2-netty/src/main/java/com/linkedin/r2/transport/http/client/HttpClientFactory.java@tcpNoDelay : boolean,r2-netty/src/main/java/com/linkedin/r2/transport/http/client/HttpClientFactory.java@deprecatedTcpNoDelay : boolean,"[BlameRes(sha1='9d2d5649002fe5ec6f45f4e941003647c2d77a43', oline='291', file_name='r2-netty/src/main/java/com/linkedin/r2/transport/http/client/HttpClientFactory.java')]"
rest.li,3,"('5c41732130d78b05d5511e776e042c4142ea4acd', '366533d4a4258c7a398f3afe7e47f45fd42d3033', 'f477d2af473d834a325d20558d67891c75f72552')",Remove Parameter,"r2-netty/src/main/java/com/linkedin/r2/transport/http/client/HttpClientFactory.java@responseCompressionConfigs : Map<String,CompressionConfig>","r2-netty/src/main/java/com/linkedin/r2/transport/http/client/HttpClientFactory.java@public HttpClientFactory(filters FilterChain, eventLoopGroup NioEventLoopGroup, shutdownFactory boolean, executor ScheduledExecutorService, shutdownExecutor boolean, callbackExecutorGroup ExecutorService, shutdownCallbackExecutor boolean, jmxManager AbstractJmxManager, deprecatedTcpNoDelay boolean, requestCompressionThresholdDefault int, requestCompressionConfigs Map<String,CompressionConfig>, compressionExecutor Executor)","[BlameRes(sha1='9d2d5649002fe5ec6f45f4e941003647c2d77a43', oline='290', file_name='r2-netty/src/main/java/com/linkedin/r2/transport/http/client/HttpClientFactory.java')]"
rest.li,3,"('3236a40798bfcf7209a63edcf4e80556d88eef2c', '2d79ca36a602be200df5a876080e0414af98f16c', '8bba1a1365fdc398a29bf07fc5d74aef7b74ab3e')",Move Package,r2-unittest-util/src/main/java/com/linkedin/r2unittest/filter/BaseFilterTest.java@com.linkedin.r2unittest.filter.BaseFilterTest,r2-testutils/src/main/java/com/linkedin/r2/testutils/filter/BaseFilterTest.java@com.linkedin.r2.testutils.filter.BaseFilterTest,"[BlameRes(sha1='a686447aa862600633291ece4f07910f0b591201', oline='8', file_name='r2-unittest-util/src/main/java/com/linkedin/r2unittest/filter/BaseFilterTest.java')]"
rest.li,3,"('e97f4e5da6c96b3c521ed427a30a4ce2bc2d766f', 'ecdfb1cd2ccd19810947bb71060d46aa6d4d5f75', '0c8d5d30750dc3e79320c771cfca5c71f16cd2ac')",Rename Variable,r2/src/main/java/com/linkedin/r2/transport/http/client/HttpClientFactory.java@poolSize : int,r2/src/main/java/com/linkedin/r2/transport/http/client/HttpClientFactory.java@requestTimeout : Integer,"[BlameRes(sha1='b14c3f4a081294107eccda66e27ddd46a0c2c38e', oline='122', file_name='r2/src/main/java/com/linkedin/r2/transport/http/client/HttpClientFactory.java')]"
rest.li,3,"('e97f4e5da6c96b3c521ed427a30a4ce2bc2d766f', 'ecdfb1cd2ccd19810947bb71060d46aa6d4d5f75', '0c8d5d30750dc3e79320c771cfca5c71f16cd2ac')",Rename Variable,r2/src/main/java/com/linkedin/r2/transport/http/client/HttpClientFactory.java@getTimeoutObj : Integer,r2/src/main/java/com/linkedin/r2/transport/http/client/HttpClientFactory.java@requestTimeout : Integer,"[BlameRes(sha1='b14c3f4a081294107eccda66e27ddd46a0c2c38e', oline='128', file_name='r2/src/main/java/com/linkedin/r2/transport/http/client/HttpClientFactory.java')]"
rest.li,3,"('e97f4e5da6c96b3c521ed427a30a4ce2bc2d766f', 'ecdfb1cd2ccd19810947bb71060d46aa6d4d5f75', '0c8d5d30750dc3e79320c771cfca5c71f16cd2ac')",Rename Variable,r2/src/main/java/com/linkedin/r2/transport/http/client/HttpClientFactory.java@requestTimeoutObj : Integer,r2/src/main/java/com/linkedin/r2/transport/http/client/HttpClientFactory.java@requestTimeout : Integer,"[BlameRes(sha1='b14c3f4a081294107eccda66e27ddd46a0c2c38e', oline='129', file_name='r2/src/main/java/com/linkedin/r2/transport/http/client/HttpClientFactory.java')]"
rest.li,3,"('14c09a3edc53b2c269509b2c94d79cb1c3b11809', '22daec94936780df8c80d009fd8cf064c4b9b83a', 'fbcb0df12ad19321bd7381751637c73761db11f8')",Extract Variable,generator/src/main/java/com/linkedin/pegasus/generator/JavaDataTemplateGenerator.java@,generator/src/main/java/com/linkedin/pegasus/generator/JavaDataTemplateGenerator.java@copyVar : JVar,"[BlameRes(sha1='510d2ae8e8781ae5d2815885c29f9d0b546f0448', oline='242', file_name='generator/src/main/java/com/linkedin/pegasus/generator/JavaDataTemplateGenerator.java')]"
rest.li,3,"('37f5ce9be5b3ff710783b4b5b25af2792f92334e', '579f90c2a9d1214af4cf3844db3916849cd4587e', '7afb4080d8bedca3796322b93101d52aea85a024')",Add Method Annotation,"d2/src/main/java/com/linkedin/d2/balancer/util/healthcheck/TransportHealthCheck.java@public TransportHealthCheck(clock Clock, client TransportClient, request RestRequest, requestContext RequestContext, wireAttrs Map<String,String>, healthCheckResponseValidator HealthCheckResponseValidator, threshold long)",d2/src/main/java/com/linkedin/d2/balancer/util/healthcheck/TransportHealthCheck.java@@Deprecated,"[BlameRes(sha1='1adc87cfcbebad6c9bcb8d2aaedbb7d7dc712213', oline='37', file_name='d2/src/main/java/com/linkedin/d2/balancer/util/healthcheck/TransportHealthCheck.java')]"
rest.li,3,"('4dd61815ef602619ec99ae7912ba3c1f701050b5', '00af463566de23a774b031b63ba5a2dcce78ca1b', '3cddbcf082192baa32b8d114ef327c04f834ad31')",Rename Method,"restli-common/src/main/java/com/linkedin/restli/common/ContentType.java@public createContentType(headerKey String, codec DataCodec, streamCodec StreamDataCodec, headerBasedCodecProvider HeaderBasedCodecProvider) : ContentType","restli-common/src/main/java/com/linkedin/restli/common/ContentType.java@public getContentType(headerKey String, codec DataCodec, streamCodec StreamDataCodec) : ContentType","[BlameRes(sha1='75884011fdc785d7c88b0ed82784af3c2d349a7d', oline='92', file_name='restli-common/src/main/java/com/linkedin/restli/common/ContentType.java')]"
rest.li,3,"('0d126a924feb836564f3fe5f8129d0c41188e80d', 'b215caf50b6274156e62b549dac3322a003d143a', '979e0da7c30b3c684c5388bb0e2377a88f9cd1db')",Extract And Move Method,d2/src/test/java/com/linkedin/d2/balancer/simple/SimpleLoadBalancerTest.java@public testGetAllPartitionMultipleHostsOrdering() : void,"d2/src/main/java/com/linkedin/d2/balancer/util/HostToKeyMapper.java@public getPartitionInfoMap() : Map<Integer,KeysAndHosts<K>>","[BlameRes(sha1='bf73eb8b99d434651937696a715fca79ab30f12c', oline='306', file_name='d2/src/test/java/com/linkedin/d2/balancer/simple/SimpleLoadBalancerTest.java')]"
rest.li,3,"('3e7f09542efb9372a27d0239f6cceb42c3aed55b', '94cbac16a15e074ced81bc13524307e7d7769bef', 'd6b04715425c4894f65a8dd5db88e7537806c51a')",Rename Parameter,"r2/src/main/java/com/linkedin/r2/transport/http/client/HttpClientFactory.java@responseCompressionConfigs : Map<String,CompressionConfig>",r2/src/main/java/com/linkedin/r2/transport/http/client/HttpClientFactory.java@useClientCompression : boolean,"[BlameRes(sha1='d4bedc071f2be07e90008033385923c41b88bdb3', oline='208', file_name='r2/src/main/java/com/linkedin/r2/transport/http/client/HttpClientFactory.java')]"
rest.li,3,"('3e7f09542efb9372a27d0239f6cceb42c3aed55b', '94cbac16a15e074ced81bc13524307e7d7769bef', 'd6b04715425c4894f65a8dd5db88e7537806c51a')",Change Parameter Type,"r2/src/main/java/com/linkedin/r2/transport/http/client/HttpClientFactory.java@responseCompressionConfigs : Map<String,CompressionConfig>",r2/src/main/java/com/linkedin/r2/transport/http/client/HttpClientFactory.java@useClientCompression : boolean,"[BlameRes(sha1='d4bedc071f2be07e90008033385923c41b88bdb3', oline='208', file_name='r2/src/main/java/com/linkedin/r2/transport/http/client/HttpClientFactory.java')]"
rest.li,3,"('3e7f09542efb9372a27d0239f6cceb42c3aed55b', '94cbac16a15e074ced81bc13524307e7d7769bef', 'd6b04715425c4894f65a8dd5db88e7537806c51a')",Remove Parameter Modifier,"r2/src/main/java/com/linkedin/r2/transport/http/client/HttpClientFactory.java@responseCompressionConfigs : Map<String,CompressionConfig>",r2/src/main/java/com/linkedin/r2/transport/http/client/HttpClientFactory.java@useClientCompression : boolean,"[BlameRes(sha1='d4bedc071f2be07e90008033385923c41b88bdb3', oline='208', file_name='r2/src/main/java/com/linkedin/r2/transport/http/client/HttpClientFactory.java')]"
rest.li,3,"('3e7f09542efb9372a27d0239f6cceb42c3aed55b', '94cbac16a15e074ced81bc13524307e7d7769bef', 'd6b04715425c4894f65a8dd5db88e7537806c51a')",Rename Attribute,"r2/src/main/java/com/linkedin/r2/transport/http/client/HttpClientFactory.java@_responseCompressionConfigs : Map<String,CompressionConfig>",r2/src/main/java/com/linkedin/r2/transport/http/client/HttpClientFactory.java@_useClientCompression : boolean,"[BlameRes(sha1='d4bedc071f2be07e90008033385923c41b88bdb3', oline='99', file_name='r2/src/main/java/com/linkedin/r2/transport/http/client/HttpClientFactory.java')]"
rest.li,3,"('3e7f09542efb9372a27d0239f6cceb42c3aed55b', '94cbac16a15e074ced81bc13524307e7d7769bef', 'd6b04715425c4894f65a8dd5db88e7537806c51a')",Change Attribute Type,"r2/src/main/java/com/linkedin/r2/transport/http/client/HttpClientFactory.java@_responseCompressionConfigs : Map<String,CompressionConfig>",r2/src/main/java/com/linkedin/r2/transport/http/client/HttpClientFactory.java@_useClientCompression : boolean,"[BlameRes(sha1='d4bedc071f2be07e90008033385923c41b88bdb3', oline='99', file_name='r2/src/main/java/com/linkedin/r2/transport/http/client/HttpClientFactory.java')]"
rest.li,3,"('8baa18155058e0d810f0593ed4ec2ae6f749cfd9', 'd0a165caa709cdb784a34f070e0c10232ff6f9fa', '1fa7415a251b2880c4b3a7065d07dc7e49fc636c')",Change Variable Type,restli-server/src/main/java/com/linkedin/restli/internal/server/methods/response/BatchGetResponseBuilder.java@entityResponse : EntityResponse<V>,restli-server/src/main/java/com/linkedin/restli/internal/server/methods/response/BatchGetResponseBuilder.java@entityResponseData : DataMap,"[BlameRes(sha1='d92062f8a9ea88914aa30db164a8b77b197cfbd4', oline='110', file_name='restli-server/src/main/java/com/linkedin/restli/internal/server/methods/response/BatchGetResponseBuilder.java')]"
rest.li,3,"('8baa18155058e0d810f0593ed4ec2ae6f749cfd9', 'd0a165caa709cdb784a34f070e0c10232ff6f9fa', '1fa7415a251b2880c4b3a7065d07dc7e49fc636c')",Change Variable Type,restli-server/src/main/java/com/linkedin/restli/internal/server/methods/response/BatchGetResponseBuilder.java@status : HttpStatus,restli-server/src/main/java/com/linkedin/restli/internal/server/methods/response/BatchGetResponseBuilder.java@status : Integer,"[BlameRes(sha1='d92062f8a9ea88914aa30db164a8b77b197cfbd4', oline='119', file_name='restli-server/src/main/java/com/linkedin/restli/internal/server/methods/response/BatchGetResponseBuilder.java')]"
rest.li,3,"('8baa18155058e0d810f0593ed4ec2ae6f749cfd9', 'd0a165caa709cdb784a34f070e0c10232ff6f9fa', '1fa7415a251b2880c4b3a7065d07dc7e49fc636c')",Change Variable Type,restli-server/src/main/java/com/linkedin/restli/internal/server/methods/response/BatchGetResponseBuilder.java@error : ErrorResponse,restli-server/src/main/java/com/linkedin/restli/internal/server/methods/response/BatchGetResponseBuilder.java@error : DataMap,"[BlameRes(sha1='d92062f8a9ea88914aa30db164a8b77b197cfbd4', oline='125', file_name='restli-server/src/main/java/com/linkedin/restli/internal/server/methods/response/BatchGetResponseBuilder.java')]"
rest.li,3,"('8baa18155058e0d810f0593ed4ec2ae6f749cfd9', 'd0a165caa709cdb784a34f070e0c10232ff6f9fa', '1fa7415a251b2880c4b3a7065d07dc7e49fc636c')",Rename Variable,restli-server/src/main/java/com/linkedin/restli/internal/server/methods/response/BatchGetResponseBuilder.java@entityResponse : EntityResponse<V>,restli-server/src/main/java/com/linkedin/restli/internal/server/methods/response/BatchGetResponseBuilder.java@entityResponseData : DataMap,"[BlameRes(sha1='d92062f8a9ea88914aa30db164a8b77b197cfbd4', oline='110', file_name='restli-server/src/main/java/com/linkedin/restli/internal/server/methods/response/BatchGetResponseBuilder.java')]"
rest.li,3,"('8baa18155058e0d810f0593ed4ec2ae6f749cfd9', 'd0a165caa709cdb784a34f070e0c10232ff6f9fa', '1fa7415a251b2880c4b3a7065d07dc7e49fc636c')",Change Variable Type,restli-server/src/main/java/com/linkedin/restli/internal/server/methods/response/BatchUpdateResponseBuilder.java@status : UpdateStatus,restli-server/src/main/java/com/linkedin/restli/internal/server/methods/response/BatchUpdateResponseBuilder.java@statusData : DataMap,"[BlameRes(sha1='d92062f8a9ea88914aa30db164a8b77b197cfbd4', oline='88', file_name='restli-server/src/main/java/com/linkedin/restli/internal/server/methods/response/BatchUpdateResponseBuilder.java')]"
rest.li,3,"('8baa18155058e0d810f0593ed4ec2ae6f749cfd9', 'd0a165caa709cdb784a34f070e0c10232ff6f9fa', '1fa7415a251b2880c4b3a7065d07dc7e49fc636c')",Change Variable Type,restli-server/src/main/java/com/linkedin/restli/internal/server/methods/response/BatchUpdateResponseBuilder.java@error : ErrorResponse,restli-server/src/main/java/com/linkedin/restli/internal/server/methods/response/BatchUpdateResponseBuilder.java@error : DataMap,"[BlameRes(sha1='d92062f8a9ea88914aa30db164a8b77b197cfbd4', oline='91', file_name='restli-server/src/main/java/com/linkedin/restli/internal/server/methods/response/BatchUpdateResponseBuilder.java')]"
rest.li,3,"('8baa18155058e0d810f0593ed4ec2ae6f749cfd9', 'd0a165caa709cdb784a34f070e0c10232ff6f9fa', '1fa7415a251b2880c4b3a7065d07dc7e49fc636c')",Rename Variable,restli-server/src/main/java/com/linkedin/restli/internal/server/methods/response/BatchUpdateResponseBuilder.java@status : UpdateStatus,restli-server/src/main/java/com/linkedin/restli/internal/server/methods/response/BatchUpdateResponseBuilder.java@statusData : DataMap,"[BlameRes(sha1='d92062f8a9ea88914aa30db164a8b77b197cfbd4', oline='88', file_name='restli-server/src/main/java/com/linkedin/restli/internal/server/methods/response/BatchUpdateResponseBuilder.java')]"
rest.li,3,"('93c4e0a45fa874a71f2f0f342ad3e710bfe09915', '3427513f230eac7ba4c0f091dedfea0a90f6e6e9', '947f9f9a0fd24a25ffa55e40fc5085d886246238')",Move Class,restli-server/src/main/java/com/linkedin/restli/internal/server/methods/AbstractBatchResponseBuilder.java@com.linkedin.restli.internal.server.methods.AbstractBatchResponseBuilder,restli-server/src/main/java/com/linkedin/restli/internal/server/methods/response/AbstractBatchResponseBuilder.java@com.linkedin.restli.internal.server.methods.response.AbstractBatchResponseBuilder,"[BlameRes(sha1='b14c3f4a081294107eccda66e27ddd46a0c2c38e', oline='20', file_name='restli-server/src/main/java/com/linkedin/restli/internal/server/methods/AbstractBatchResponseBuilder.java')]"
rest.li,3,"('93c4e0a45fa874a71f2f0f342ad3e710bfe09915', '3427513f230eac7ba4c0f091dedfea0a90f6e6e9', '947f9f9a0fd24a25ffa55e40fc5085d886246238')",Move Class,restli-server/src/main/java/com/linkedin/restli/internal/server/methods/ArgumentBuilder.java@com.linkedin.restli.internal.server.methods.ArgumentBuilder,restli-server/src/main/java/com/linkedin/restli/internal/server/methods/arguments/ArgumentBuilder.java@com.linkedin.restli.internal.server.methods.arguments.ArgumentBuilder,"[BlameRes(sha1='b14c3f4a081294107eccda66e27ddd46a0c2c38e', oline='28', file_name='restli-server/src/main/java/com/linkedin/restli/internal/server/methods/ArgumentBuilder.java')]"
rest.li,3,"('93c4e0a45fa874a71f2f0f342ad3e710bfe09915', '3427513f230eac7ba4c0f091dedfea0a90f6e6e9', '947f9f9a0fd24a25ffa55e40fc5085d886246238')",Move Class,restli-server/src/main/java/com/linkedin/restli/internal/server/methods/ErrorResponseBuilder.java@com.linkedin.restli.internal.server.methods.ErrorResponseBuilder,restli-server/src/main/java/com/linkedin/restli/internal/server/methods/response/ErrorResponseBuilder.java@com.linkedin.restli.internal.server.methods.response.ErrorResponseBuilder,"[BlameRes(sha1='b14c3f4a081294107eccda66e27ddd46a0c2c38e', oline='15', file_name='restli-server/src/main/java/com/linkedin/restli/internal/server/methods/ErrorResponseBuilder.java')]"
rest.li,3,"('93c4e0a45fa874a71f2f0f342ad3e710bfe09915', '3427513f230eac7ba4c0f091dedfea0a90f6e6e9', '947f9f9a0fd24a25ffa55e40fc5085d886246238')",Move Class,restli-server/src/main/java/com/linkedin/restli/internal/server/methods/RestLiResponseBuilder.java@com.linkedin.restli.internal.server.methods.RestLiResponseBuilder,restli-server/src/main/java/com/linkedin/restli/internal/server/methods/response/RestLiResponseBuilder.java@com.linkedin.restli.internal.server.methods.response.RestLiResponseBuilder,"[BlameRes(sha1='b14c3f4a081294107eccda66e27ddd46a0c2c38e', oline='11', file_name='restli-server/src/main/java/com/linkedin/restli/internal/server/methods/RestLiResponseBuilder.java')]"
rest.li,3,"('93c4e0a45fa874a71f2f0f342ad3e710bfe09915', '3427513f230eac7ba4c0f091dedfea0a90f6e6e9', '947f9f9a0fd24a25ffa55e40fc5085d886246238')",Move Class,restli-server/src/main/java/com/linkedin/restli/internal/server/methods/BatchUpdateResponseBuilder.java@com.linkedin.restli.internal.server.methods.BatchUpdateResponseBuilder,restli-server/src/main/java/com/linkedin/restli/internal/server/methods/response/BatchUpdateResponseBuilder.java@com.linkedin.restli.internal.server.methods.response.BatchUpdateResponseBuilder,"[BlameRes(sha1='b14c3f4a081294107eccda66e27ddd46a0c2c38e', oline='19', file_name='restli-server/src/main/java/com/linkedin/restli/internal/server/methods/BatchUpdateResponseBuilder.java')]"
rest.li,3,"('93c4e0a45fa874a71f2f0f342ad3e710bfe09915', '3427513f230eac7ba4c0f091dedfea0a90f6e6e9', '947f9f9a0fd24a25ffa55e40fc5085d886246238')",Move And Rename Class,restli-server/src/main/java/com/linkedin/restli/internal/server/methods/RestLiMethodAdapter.java@com.linkedin.restli.internal.server.methods.RestLiMethodAdapter,restli-server/src/main/java/com/linkedin/restli/internal/server/methods/arguments/RestLiArgumentBuilder.java@com.linkedin.restli.internal.server.methods.arguments.RestLiArgumentBuilder,"[BlameRes(sha1='b14c3f4a081294107eccda66e27ddd46a0c2c38e', oline='7', file_name='restli-server/src/main/java/com/linkedin/restli/internal/server/methods/RestLiMethodAdapter.java')]"
rest.li,3,"('93c4e0a45fa874a71f2f0f342ad3e710bfe09915', '3427513f230eac7ba4c0f091dedfea0a90f6e6e9', '947f9f9a0fd24a25ffa55e40fc5085d886246238')",Move And Rename Class,restli-server/src/main/java/com/linkedin/restli/internal/server/methods/FinderMethodAdapter.java@com.linkedin.restli.internal.server.methods.FinderMethodAdapter,restli-server/src/main/java/com/linkedin/restli/internal/server/methods/response/CollectionResponseBuilder.java@com.linkedin.restli.internal.server.methods.response.CollectionResponseBuilder,"[BlameRes(sha1='b14c3f4a081294107eccda66e27ddd46a0c2c38e', oline='23', file_name='restli-server/src/main/java/com/linkedin/restli/internal/server/methods/FinderMethodAdapter.java')]"
rest.li,3,"('93c4e0a45fa874a71f2f0f342ad3e710bfe09915', '3427513f230eac7ba4c0f091dedfea0a90f6e6e9', '947f9f9a0fd24a25ffa55e40fc5085d886246238')",Move And Rename Class,restli-server/src/main/java/com/linkedin/restli/internal/server/methods/BatchCreateMethodAdapter.java@com.linkedin.restli.internal.server.methods.BatchCreateMethodAdapter,restli-server/src/main/java/com/linkedin/restli/internal/server/methods/response/BatchCreateResponseBuilder.java@com.linkedin.restli.internal.server.methods.response.BatchCreateResponseBuilder,"[BlameRes(sha1='b14c3f4a081294107eccda66e27ddd46a0c2c38e', oline='23', file_name='restli-server/src/main/java/com/linkedin/restli/internal/server/methods/BatchCreateMethodAdapter.java')]"
rest.li,3,"('93c4e0a45fa874a71f2f0f342ad3e710bfe09915', '3427513f230eac7ba4c0f091dedfea0a90f6e6e9', '947f9f9a0fd24a25ffa55e40fc5085d886246238')",Move And Rename Class,restli-server/src/main/java/com/linkedin/restli/internal/server/methods/BatchDeleteMethodAdapter.java@com.linkedin.restli.internal.server.methods.BatchDeleteMethodAdapter,restli-server/src/main/java/com/linkedin/restli/internal/server/methods/arguments/BatchDeleteArgumentBuilder.java@com.linkedin.restli.internal.server.methods.arguments.BatchDeleteArgumentBuilder,"[BlameRes(sha1='b14c3f4a081294107eccda66e27ddd46a0c2c38e', oline='14', file_name='restli-server/src/main/java/com/linkedin/restli/internal/server/methods/BatchDeleteMethodAdapter.java')]"
rest.li,3,"('93c4e0a45fa874a71f2f0f342ad3e710bfe09915', '3427513f230eac7ba4c0f091dedfea0a90f6e6e9', '947f9f9a0fd24a25ffa55e40fc5085d886246238')",Move And Rename Class,restli-server/src/main/java/com/linkedin/restli/internal/server/methods/BatchGetMethodAdapter.java@com.linkedin.restli.internal.server.methods.BatchGetMethodAdapter,restli-server/src/main/java/com/linkedin/restli/internal/server/methods/response/BatchGetResponseBuilder.java@com.linkedin.restli.internal.server.methods.response.BatchGetResponseBuilder,"[BlameRes(sha1='b14c3f4a081294107eccda66e27ddd46a0c2c38e', oline='21', file_name='restli-server/src/main/java/com/linkedin/restli/internal/server/methods/BatchGetMethodAdapter.java')]"
rest.li,3,"('93c4e0a45fa874a71f2f0f342ad3e710bfe09915', '3427513f230eac7ba4c0f091dedfea0a90f6e6e9', '947f9f9a0fd24a25ffa55e40fc5085d886246238')",Move And Rename Class,restli-server/src/main/java/com/linkedin/restli/internal/server/methods/BatchPatchMethodAdapter.java@com.linkedin.restli.internal.server.methods.BatchPatchMethodAdapter,restli-server/src/main/java/com/linkedin/restli/internal/server/methods/arguments/BatchPatchArgumentBuilder.java@com.linkedin.restli.internal.server.methods.arguments.BatchPatchArgumentBuilder,"[BlameRes(sha1='b14c3f4a081294107eccda66e27ddd46a0c2c38e', oline='18', file_name='restli-server/src/main/java/com/linkedin/restli/internal/server/methods/BatchPatchMethodAdapter.java')]"
rest.li,3,"('93c4e0a45fa874a71f2f0f342ad3e710bfe09915', '3427513f230eac7ba4c0f091dedfea0a90f6e6e9', '947f9f9a0fd24a25ffa55e40fc5085d886246238')",Move And Rename Class,restli-server/src/main/java/com/linkedin/restli/internal/server/methods/BatchUpdateMethodAdapter.java@com.linkedin.restli.internal.server.methods.BatchUpdateMethodAdapter,restli-server/src/main/java/com/linkedin/restli/internal/server/methods/arguments/BatchUpdateArgumentBuilder.java@com.linkedin.restli.internal.server.methods.arguments.BatchUpdateArgumentBuilder,"[BlameRes(sha1='b14c3f4a081294107eccda66e27ddd46a0c2c38e', oline='18', file_name='restli-server/src/main/java/com/linkedin/restli/internal/server/methods/BatchUpdateMethodAdapter.java')]"
rest.li,3,"('93c4e0a45fa874a71f2f0f342ad3e710bfe09915', '3427513f230eac7ba4c0f091dedfea0a90f6e6e9', '947f9f9a0fd24a25ffa55e40fc5085d886246238')",Move And Rename Class,restli-server/src/main/java/com/linkedin/restli/internal/server/methods/CreateMethodAdapter.java@com.linkedin.restli.internal.server.methods.CreateMethodAdapter,restli-server/src/main/java/com/linkedin/restli/internal/server/methods/response/CreateResponseBuilder.java@com.linkedin.restli.internal.server.methods.response.CreateResponseBuilder,"[BlameRes(sha1='b14c3f4a081294107eccda66e27ddd46a0c2c38e', oline='16', file_name='restli-server/src/main/java/com/linkedin/restli/internal/server/methods/CreateMethodAdapter.java')]"
rest.li,3,"('93c4e0a45fa874a71f2f0f342ad3e710bfe09915', '3427513f230eac7ba4c0f091dedfea0a90f6e6e9', '947f9f9a0fd24a25ffa55e40fc5085d886246238')",Move And Rename Class,restli-server/src/main/java/com/linkedin/restli/internal/server/methods/DeleteMethodAdapter.java@com.linkedin.restli.internal.server.methods.DeleteMethodAdapter,restli-server/src/main/java/com/linkedin/restli/internal/server/methods/response/UpdateResponseBuilder.java@com.linkedin.restli.internal.server.methods.response.UpdateResponseBuilder,"[BlameRes(sha1='b14c3f4a081294107eccda66e27ddd46a0c2c38e', oline='14', file_name='restli-server/src/main/java/com/linkedin/restli/internal/server/methods/DeleteMethodAdapter.java')]"
rest.li,3,"('93c4e0a45fa874a71f2f0f342ad3e710bfe09915', '3427513f230eac7ba4c0f091dedfea0a90f6e6e9', '947f9f9a0fd24a25ffa55e40fc5085d886246238')",Move And Rename Class,restli-server/src/main/java/com/linkedin/restli/internal/server/methods/GetMethodAdapter.java@com.linkedin.restli.internal.server.methods.GetMethodAdapter,restli-server/src/main/java/com/linkedin/restli/internal/server/methods/response/GetResponseBuilder.java@com.linkedin.restli.internal.server.methods.response.GetResponseBuilder,"[BlameRes(sha1='b14c3f4a081294107eccda66e27ddd46a0c2c38e', oline='15', file_name='restli-server/src/main/java/com/linkedin/restli/internal/server/methods/GetMethodAdapter.java')]"
rest.li,3,"('93c4e0a45fa874a71f2f0f342ad3e710bfe09915', '3427513f230eac7ba4c0f091dedfea0a90f6e6e9', '947f9f9a0fd24a25ffa55e40fc5085d886246238')",Move And Rename Class,restli-server/src/main/java/com/linkedin/restli/internal/server/methods/PatchMethodAdapter.java@com.linkedin.restli.internal.server.methods.PatchMethodAdapter,restli-server/src/main/java/com/linkedin/restli/internal/server/methods/arguments/PatchArgumentBuilder.java@com.linkedin.restli.internal.server.methods.arguments.PatchArgumentBuilder,"[BlameRes(sha1='b14c3f4a081294107eccda66e27ddd46a0c2c38e', oline='16', file_name='restli-server/src/main/java/com/linkedin/restli/internal/server/methods/PatchMethodAdapter.java')]"
rest.li,3,"('93c4e0a45fa874a71f2f0f342ad3e710bfe09915', '3427513f230eac7ba4c0f091dedfea0a90f6e6e9', '947f9f9a0fd24a25ffa55e40fc5085d886246238')",Split Class,restli-server/src/main/java/com/linkedin/restli/internal/server/methods/UpdateMethodAdapter.java@com.linkedin.restli.internal.server.methods.UpdateMethodAdapter,restli-server/src/main/java/com/linkedin/restli/internal/server/methods/arguments/ActionArgumentBuilder.java@com.linkedin.restli.internal.server.methods.arguments.ActionArgumentBuilder,"[BlameRes(sha1='b14c3f4a081294107eccda66e27ddd46a0c2c38e', oline='14', file_name='restli-server/src/main/java/com/linkedin/restli/internal/server/methods/UpdateMethodAdapter.java')]"
rest.li,3,"('93c4e0a45fa874a71f2f0f342ad3e710bfe09915', '3427513f230eac7ba4c0f091dedfea0a90f6e6e9', '947f9f9a0fd24a25ffa55e40fc5085d886246238')",Change Method Access Modifier,restli-server/src/main/java/com/linkedin/restli/internal/server/methods/BatchUpdateResponseBuilder.java@private BatchUpdateResponseBuilder(),restli-server/src/main/java/com/linkedin/restli/internal/server/methods/response/BatchUpdateResponseBuilder.java@public BatchUpdateResponseBuilder(),"[BlameRes(sha1='b14c3f4a081294107eccda66e27ddd46a0c2c38e', oline='30', file_name='restli-server/src/main/java/com/linkedin/restli/internal/server/methods/BatchUpdateResponseBuilder.java')]"
rest.li,3,"('93c4e0a45fa874a71f2f0f342ad3e710bfe09915', '3427513f230eac7ba4c0f091dedfea0a90f6e6e9', '947f9f9a0fd24a25ffa55e40fc5085d886246238')",Add Method Modifier,"restli-server/src/main/java/com/linkedin/restli/internal/server/methods/FinderMethodAdapter.java@private buildResponseImpl(request RestRequest, routingResult RoutingResult, elements List<? extends RecordTemplate>, customMetadata RecordTemplate, totalResults Integer, headers Map<String,String>) : PartialRestResponse","restli-server/src/main/java/com/linkedin/restli/internal/server/methods/response/CollectionResponseBuilder.java@private buildResponseImpl(request RestRequest, routingResult RoutingResult, elements List<? extends RecordTemplate>, customMetadata RecordTemplate, totalResults Integer, headers Map<String,String>) : PartialRestResponse","[BlameRes(sha1='b14c3f4a081294107eccda66e27ddd46a0c2c38e', oline='64', file_name='restli-server/src/main/java/com/linkedin/restli/internal/server/methods/FinderMethodAdapter.java')]"
rest.li,3,"('c8c39eb10d3eb497c811d1af6c758d26e9634b07', '2186714ebd16b8306809d0742178f61cf7a36921', '83cfafe3654a4b7866129caf3e8145ededb97372')",Add Parameter,"data/src/test/java/com/linkedin/data/codec/TestKSONCodec.java@public testKSONBinaryDataCodec(testName String, dataComplex DataComplex) : void",data/src/test/java/com/linkedin/data/codec/TestJacksonLICORCodec.java@useBinary : boolean,"[BlameRes(sha1='4d40f312aaa615eebfdfcbd2df21e6d956e41d2e', oline='17', file_name='data/src/test/java/com/linkedin/data/codec/TestKSONCodec.java')]"
rest.li,3,"('c8c39eb10d3eb497c811d1af6c758d26e9634b07', '2186714ebd16b8306809d0742178f61cf7a36921', '83cfafe3654a4b7866129caf3e8145ededb97372')",Move And Rename Method,"data/src/test/java/com/linkedin/data/codec/TestKSONCodec.java@public testKSONBinaryDataCodec(testName String, dataComplex DataComplex) : void","data/src/test/java/com/linkedin/data/codec/TestJacksonLICORCodec.java@public testLICORTextDataCodec(testName String, dataComplex DataComplex, useBinary boolean) : void","[BlameRes(sha1='4d40f312aaa615eebfdfcbd2df21e6d956e41d2e', oline='17', file_name='data/src/test/java/com/linkedin/data/codec/TestKSONCodec.java')]"
rest.li,3,"('5c6019f3e9c9690787a0e659259a2949137bba7a', 'd0c832c5835e8c6476f16424fa44d69580c2a43d', '9a69c7566c60faddb401e1aff6130c90cf173052')",Move Method,restli-server/src/main/java/com/linkedin/restli/server/RestLiMethodContext.java@public getNamespace() : String,restli-server/src/main/java/com/linkedin/restli/server/ResourceDefinition.java@public getNamespace() : String,"[BlameRes(sha1='c1719ec6f64b00cb6c6883040511072a32608aaf', oline='12', file_name='restli-server/src/main/java/com/linkedin/restli/server/RestLiMethodContext.java')]"
rest.li,3,"('d5a51176e398031b6fba9885df9f2418f8e87a37', '96e1c7db9b2df4c98964d2cdbf219a28359e6d55', '6be178f6b704b2fb60d0a09d79b93e2f391a06ac')",Move Class,r2-netty/src/main/java/com/linkedin/r2/transport/http/client/HttpNettyStreamClient.java@com.linkedin.r2.transport.http.client.HttpNettyStreamClient.ChannelPoolGetCallback,r2-netty/src/main/java/com/linkedin/r2/transport/http/client/stream/http2/Http2NettyStreamClient.java@com.linkedin.r2.transport.http.client.stream.http2.Http2NettyStreamClient.ChannelPoolGetCallback,"[BlameRes(sha1='2586f1b1657a9dafa86e5357345177b22fc29b70', oline='185', file_name='r2-netty/src/main/java/com/linkedin/r2/transport/http/client/HttpNettyStreamClient.java')]"
rest.li,3,"('d5a51176e398031b6fba9885df9f2418f8e87a37', '96e1c7db9b2df4c98964d2cdbf219a28359e6d55', '6be178f6b704b2fb60d0a09d79b93e2f391a06ac')",Move Class,r2-netty/src/main/java/com/linkedin/r2/transport/http/client/HttpNettyStreamClient.java@com.linkedin.r2.transport.http.client.HttpNettyStreamClient.ChannelPoolShutdownCallback,r2-netty/src/main/java/com/linkedin/r2/transport/http/client/stream/http2/Http2NettyStreamClient.java@com.linkedin.r2.transport.http.client.stream.http2.Http2NettyStreamClient.ChannelPoolShutdownCallback,"[BlameRes(sha1='2586f1b1657a9dafa86e5357345177b22fc29b70', oline='241', file_name='r2-netty/src/main/java/com/linkedin/r2/transport/http/client/HttpNettyStreamClient.java')]"
rest.li,3,"('d5a51176e398031b6fba9885df9f2418f8e87a37', '96e1c7db9b2df4c98964d2cdbf219a28359e6d55', '6be178f6b704b2fb60d0a09d79b93e2f391a06ac')",Extract Variable,r2-netty/src/main/java/com/linkedin/r2/transport/http/client/HttpNettyStreamClient.java@,"r2-netty/src/main/java/com/linkedin/r2/transport/http/client/stream/http2/Http2NettyStreamClient.java@request : RequestWithCallback<Request,TimeoutTransportCallback<StreamResponse>,TimeoutAsyncPoolHandle<Channel>>","[BlameRes(sha1='2586f1b1657a9dafa86e5357345177b22fc29b70', oline='231', file_name='r2-netty/src/main/java/com/linkedin/r2/transport/http/client/HttpNettyStreamClient.java')]"
rest.li,3,"('d5a51176e398031b6fba9885df9f2418f8e87a37', '96e1c7db9b2df4c98964d2cdbf219a28359e6d55', '6be178f6b704b2fb60d0a09d79b93e2f391a06ac')",Remove Parameter Modifier,r2-netty/src/main/java/com/linkedin/r2/transport/http/client/HttpNettyStreamClient.java@channel : Channel,r2-netty/src/main/java/com/linkedin/r2/transport/http/client/stream/http2/Http2NettyStreamClient.java@channel : Channel,"[BlameRes(sha1='2586f1b1657a9dafa86e5357345177b22fc29b70', oline='200', file_name='r2-netty/src/main/java/com/linkedin/r2/transport/http/client/HttpNettyStreamClient.java')]"
rest.li,3,"('d5a51176e398031b6fba9885df9f2418f8e87a37', '96e1c7db9b2df4c98964d2cdbf219a28359e6d55', '6be178f6b704b2fb60d0a09d79b93e2f391a06ac')",Move Attribute,r2-netty/src/test/java/com/linkedin/r2/transport/http/client/HttpClientBuilder.java@private _maxResponseSize : int,r2-netty/src/main/java/com/linkedin/r2/transport/http/client/rest/HttpNettyChannelPoolFactory.java@private _maxResponseSize : int,"[BlameRes(sha1='0d126a924feb836564f3fe5f8129d0c41188e80d', oline='25', file_name='r2/src/test/java/com/linkedin/r2/transport/http/client/HttpClientBuilder.java')]"
rest.li,3,"('d5a51176e398031b6fba9885df9f2418f8e87a37', '96e1c7db9b2df4c98964d2cdbf219a28359e6d55', '6be178f6b704b2fb60d0a09d79b93e2f391a06ac')",Add Attribute Modifier,r2-netty/src/test/java/com/linkedin/r2/transport/http/client/HttpClientBuilder.java@private _maxResponseSize : int,r2-netty/src/main/java/com/linkedin/r2/transport/http/client/rest/HttpNettyChannelPoolFactory.java@private _maxResponseSize : int,"[BlameRes(sha1='0d126a924feb836564f3fe5f8129d0c41188e80d', oline='25', file_name='r2/src/test/java/com/linkedin/r2/transport/http/client/HttpClientBuilder.java')]"
rest.li,3,"('d5a51176e398031b6fba9885df9f2418f8e87a37', '96e1c7db9b2df4c98964d2cdbf219a28359e6d55', '6be178f6b704b2fb60d0a09d79b93e2f391a06ac')",Move Attribute,r2-netty/src/main/java/com/linkedin/r2/transport/http/client/HttpNettyClient.java@private _handler : ChannelPoolHandler,r2-netty/src/main/java/com/linkedin/r2/transport/http/client/rest/HttpNettyChannelPoolFactory.java@private _handler : ChannelPoolHandler,"[BlameRes(sha1='b14c3f4a081294107eccda66e27ddd46a0c2c38e', oline='63', file_name='r2/src/main/java/com/linkedin/r2/transport/http/client/HttpNettyClient.java')]"
rest.li,3,"('d5a51176e398031b6fba9885df9f2418f8e87a37', '96e1c7db9b2df4c98964d2cdbf219a28359e6d55', '6be178f6b704b2fb60d0a09d79b93e2f391a06ac')",Move Attribute,r2-netty/src/main/java/com/linkedin/r2/transport/http/client/HttpNettyClient.java@private _responseHandler : RAPResponseHandler,r2-netty/src/main/java/com/linkedin/r2/transport/http/client/rest/HttpNettyChannelPoolFactory.java@private _responseHandler : RAPResponseHandler,"[BlameRes(sha1='b14c3f4a081294107eccda66e27ddd46a0c2c38e', oline='64', file_name='r2/src/main/java/com/linkedin/r2/transport/http/client/HttpNettyClient.java')]"
rest.li,3,"('d5a51176e398031b6fba9885df9f2418f8e87a37', '96e1c7db9b2df4c98964d2cdbf219a28359e6d55', '6be178f6b704b2fb60d0a09d79b93e2f391a06ac')",Move Attribute,r2-netty/src/main/java/com/linkedin/r2/transport/http/client/HttpNettyClient.java@private _maxResponseSize : int,r2-netty/src/main/java/com/linkedin/r2/transport/http/client/rest/HttpNettyChannelPoolFactory.java@private _maxResponseSize : int,"[BlameRes(sha1='b14c3f4a081294107eccda66e27ddd46a0c2c38e', oline='73', file_name='r2/src/main/java/com/linkedin/r2/transport/http/client/HttpNettyClient.java')]"
rest.li,3,"('d5a51176e398031b6fba9885df9f2418f8e87a37', '96e1c7db9b2df4c98964d2cdbf219a28359e6d55', '6be178f6b704b2fb60d0a09d79b93e2f391a06ac')",Move Method,"r2-netty/src/main/java/com/linkedin/r2/transport/http/client/HttpNettyClient.java@public HttpClientPipelineInitializer(sslContext SSLContext, sslParameters SSLParameters)","r2-netty/src/main/java/com/linkedin/r2/transport/http/client/rest/HttpNettyChannelPoolFactory.java@public HttpClientPipelineInitializer(sslContext SSLContext, sslParameters SSLParameters, maxHeaderSize int, maxChunkSize int, maxResponseSize int)","[BlameRes(sha1='0d126a924feb836564f3fe5f8129d0c41188e80d', oline='356', file_name='r2/src/main/java/com/linkedin/r2/transport/http/client/HttpNettyClient.java')]"
rest.li,3,"('d5a51176e398031b6fba9885df9f2418f8e87a37', '96e1c7db9b2df4c98964d2cdbf219a28359e6d55', '6be178f6b704b2fb60d0a09d79b93e2f391a06ac')",Move Method,"r2-netty/src/main/java/com/linkedin/r2/transport/http/client/HttpNettyClient.java@private checkContained(containingArray String[], containedArray String[], valueName String) : void","r2-netty/src/main/java/com/linkedin/r2/transport/http/client/rest/HttpNettyChannelPoolFactory.java@private checkContained(containingArray String[], containedArray String[], valueName String) : void","[BlameRes(sha1='b14c3f4a081294107eccda66e27ddd46a0c2c38e', oline='377', file_name='r2/src/main/java/com/linkedin/r2/transport/http/client/HttpNettyClient.java')]"
rest.li,3,"('d5a51176e398031b6fba9885df9f2418f8e87a37', '96e1c7db9b2df4c98964d2cdbf219a28359e6d55', '6be178f6b704b2fb60d0a09d79b93e2f391a06ac')",Move Method,r2-netty/src/main/java/com/linkedin/r2/transport/http/client/HttpNettyClient.java@protected initChannel(ch NioSocketChannel) : void,r2-netty/src/main/java/com/linkedin/r2/transport/http/client/rest/HttpNettyChannelPoolFactory.java@protected initChannel(ch NioSocketChannel) : void,"[BlameRes(sha1='b14c3f4a081294107eccda66e27ddd46a0c2c38e', oline='400', file_name='r2/src/main/java/com/linkedin/r2/transport/http/client/HttpNettyClient.java')]"
rest.li,3,"('ee77971e06d54492960bd2b194a34d8ca6d7f28e', '7b9bd98dfd09d820dbb1e1149949c0f029bcb675', '9f347e1e02f80ea2d19c75a68242c3a5755ff65d')",Rename Method,restli-client/src/test/java/com/linkedin/restli/client/TestVersionNegotiation.java@public testLatestVersionAnnouncedAsZeroPercent() : void,"restli-client/src/test/java/com/linkedin/restli/client/TestVersionNegotiation.java@public testAnnouncedVersionWithVersionPercentages(versionInput ProtocolVersion, versionPercentageInput String, expectedAnnouncedVersion ProtocolVersion) : void","[BlameRes(sha1='cf053aeeb354bad68ec421e7a66321a046828c57', oline='106', file_name='restli-client/src/test/java/com/linkedin/restli/client/TestVersionNegotiation.java')]"
rest.li,3,"('ee77971e06d54492960bd2b194a34d8ca6d7f28e', '7b9bd98dfd09d820dbb1e1149949c0f029bcb675', '9f347e1e02f80ea2d19c75a68242c3a5755ff65d')",Add Parameter,restli-client/src/test/java/com/linkedin/restli/client/TestVersionNegotiation.java@public testLatestVersionAnnouncedAsZeroPercent() : void,restli-client/src/test/java/com/linkedin/restli/client/TestVersionNegotiation.java@versionInput : ProtocolVersion,"[BlameRes(sha1='cf053aeeb354bad68ec421e7a66321a046828c57', oline='106', file_name='restli-client/src/test/java/com/linkedin/restli/client/TestVersionNegotiation.java')]"
rest.li,3,"('ee77971e06d54492960bd2b194a34d8ca6d7f28e', '7b9bd98dfd09d820dbb1e1149949c0f029bcb675', '9f347e1e02f80ea2d19c75a68242c3a5755ff65d')",Add Parameter,restli-client/src/test/java/com/linkedin/restli/client/TestVersionNegotiation.java@public testLatestVersionAnnouncedAsZeroPercent() : void,restli-client/src/test/java/com/linkedin/restli/client/TestVersionNegotiation.java@versionPercentageInput : String,"[BlameRes(sha1='cf053aeeb354bad68ec421e7a66321a046828c57', oline='106', file_name='restli-client/src/test/java/com/linkedin/restli/client/TestVersionNegotiation.java')]"
rest.li,3,"('ee77971e06d54492960bd2b194a34d8ca6d7f28e', '7b9bd98dfd09d820dbb1e1149949c0f029bcb675', '9f347e1e02f80ea2d19c75a68242c3a5755ff65d')",Add Parameter,restli-client/src/test/java/com/linkedin/restli/client/TestVersionNegotiation.java@public testLatestVersionAnnouncedAsZeroPercent() : void,restli-client/src/test/java/com/linkedin/restli/client/TestVersionNegotiation.java@expectedAnnouncedVersion : ProtocolVersion,"[BlameRes(sha1='cf053aeeb354bad68ec421e7a66321a046828c57', oline='106', file_name='restli-client/src/test/java/com/linkedin/restli/client/TestVersionNegotiation.java')]"
rest.li,3,"('ee77971e06d54492960bd2b194a34d8ca6d7f28e', '7b9bd98dfd09d820dbb1e1149949c0f029bcb675', '9f347e1e02f80ea2d19c75a68242c3a5755ff65d')",Modify Method Annotation,restli-client/src/test/java/com/linkedin/restli/client/TestVersionNegotiation.java@@Test,"restli-client/src/test/java/com/linkedin/restli/client/TestVersionNegotiation.java@@Test(dataProvider = ""versionTestVariations"")","[BlameRes(sha1='cf053aeeb354bad68ec421e7a66321a046828c57', oline='106', file_name='restli-client/src/test/java/com/linkedin/restli/client/TestVersionNegotiation.java')]"
rest.li,3,"('52bec8b04b1edcfa27d47070173b366f1f6da07c', 'f1dcded44157a968639560d6f3b42eeb063f1542', '96ab3f85c0ddff29d12b3c00c9969485d3be9eae')",Rename Parameter,data/src/main/java/com/linkedin/data/schema/generator/SchemaSampleDataGenerator.java@stack : Stack<DataSchema>,data/src/main/java/com/linkedin/data/schema/generator/SchemaSampleDataGenerator.java@parentSchemas : ParentSchemas,"[BlameRes(sha1='4a7a7dff80be186ed63cf08166dfbd6703422fcd', oline='273', file_name='data/src/main/java/com/linkedin/data/schema/generator/SchemaSampleDataGenerator.java')]"
rest.li,4,"('a156ff7bf6c1593086b1b116c69277352c450a28', 'a26eb6c8e8bed5571b35c988d3bdaa6bb0acc83c', '405220d9de357221bf7c67dcecdbac18951ea930', 'f1d976d9610f1bacbfe7240ec1f955780b834e61')",Inline Method,"data/src/main/java/com/linkedin/data/Data.java@private checkForCyclesAndAdd(dataComplex DataComplex, ancestorSet DataComplexIdentitySet, pathList List<String>) : void","data/src/main/java/com/linkedin/data/Data.java@private traverse(obj Object, callback TraverseCallback, cycleChecker CycleChecker) : void","[BlameRes(sha1='e1cd5673bf67e530938e4765323ada0e7e2d7d62', oline='436', file_name='data/src/main/java/com/linkedin/data/Data.java')]"
rest.li,4,"('bb91d262933499f636ea0618033e13459fc9cb11', 'c3bb5799537bacc48eb47eb2a631d1e1a6c2a94e', '90f409f1ec8d9fabdbd4e190c0e1927efe15e852', 'c0657d1f1585ef7d46db1c6c577b7473cbc70e91')",Rename Attribute,d2/src/main/java/com/linkedin/d2/balancer/clients/RewriteClient.java@_wrappedClient : TransportClient,d2/src/main/java/com/linkedin/d2/balancer/clients/RewriteClient.java@_transportClient : TransportClient,"[BlameRes(sha1='b14c3f4a081294107eccda66e27ddd46a0c2c38e', oline='32', file_name='d2/src/main/java/com/linkedin/d2/balancer/clients/RewriteClient.java')]"
rest.li,4,"('dfdface0b6a1f590fc60e79b842dfb49da420e6d', '50afe40d013bbb3879d8c5381755ef843b2db362', '06ee98a16debbaebdfc151f53df9867c32efc250', 'eeadba61938f2ba3b17e98bc3839ce99adeebfd7')",Extract Variable,restli-client/src/main/java/com/linkedin/restli/client/RestClient.java@,restli-client/src/main/java/com/linkedin/restli/client/RestClient.java@serviceName : String,"[BlameRes(sha1='db415ca40ea4c41ed9819b2de33bb5bda68fb203', oline='235', file_name='restli-client/src/main/java/com/linkedin/restli/client/RestClient.java')]"
rest.li,4,"('ec451bf24ea9bc59906f99fcff24840c97f9daa0', '8de045bcfa720549385b03193a7a2c532e8054e5', 'cf9658d4e95d03df227d5714b6611e40e0a3a3a1', '22116bdec0cc4487502fbd34e2a28012bb28f47d')",Change Class Access Modifier,data/src/main/java/com/linkedin/data/codec/JacksonDataCodec.java@com.linkedin.data.codec.JacksonDataCodec.JsonTraverseCallback,data/src/main/java/com/linkedin/data/codec/AbstractJacksonDataCodec.java@com.linkedin.data.codec.AbstractJacksonDataCodec.JacksonTraverseCallback,"[BlameRes(sha1='b14c3f4a081294107eccda66e27ddd46a0c2c38e', oline='137', file_name='data/src/main/java/com/linkedin/data/codec/JacksonDataCodec.java')]"
rest.li,4,"('ec451bf24ea9bc59906f99fcff24840c97f9daa0', '8de045bcfa720549385b03193a7a2c532e8054e5', 'cf9658d4e95d03df227d5714b6611e40e0a3a3a1', '22116bdec0cc4487502fbd34e2a28012bb28f47d')",Extract Method,"data/src/main/java/com/linkedin/data/codec/JacksonDataCodec.java@protected writeObject(object Object, generator JsonGenerator) : void",data/src/main/java/com/linkedin/data/codec/AbstractJacksonDataCodec.java@protected createTraverseCallback(generator JsonGenerator) : Data.TraverseCallback,"[BlameRes(sha1='fb52ed7e4e9ac6eaabf0b4dc5b90ce82ca0cd75b', oline='179', file_name='data/src/main/java/com/linkedin/data/codec/JacksonDataCodec.java')]"
rest.li,4,"('ec451bf24ea9bc59906f99fcff24840c97f9daa0', '8de045bcfa720549385b03193a7a2c532e8054e5', 'cf9658d4e95d03df227d5714b6611e40e0a3a3a1', '22116bdec0cc4487502fbd34e2a28012bb28f47d')",Extract Method,"data/src/main/java/com/linkedin/data/codec/JacksonDataCodec.java@public objectToJsonGenerator(object Object, generator JsonGenerator) : void",data/src/main/java/com/linkedin/data/codec/AbstractJacksonDataCodec.java@protected createTraverseCallback(generator JsonGenerator) : Data.TraverseCallback,"[BlameRes(sha1='b14c3f4a081294107eccda66e27ddd46a0c2c38e', oline='131', file_name='data/src/main/java/com/linkedin/data/codec/JacksonDataCodec.java')]"
rest.li,4,"('54ec8104cede6d7b8e880202f169afac61fa6972', 'd8fbe8d8fdcda15b85e3943cbb98baffc56b3659', '2323cda6d35578ddc3dc7310b7c8789e2b75f197', 'cfa35657ddae2765321fc8ec9ed79bf6d682783c')",Rename Method,"restli-server/src/test/java/com/linkedin/restli/server/multiplexer/TestMultiplexedRequestHandlerImpl.java@private fakeIndResponse(id int, entity ByteString) : IndividualResponse",restli-server/src/test/java/com/linkedin/restli/server/multiplexer/TestMultiplexedRequestHandlerImpl.java@private errorIndResponse() : IndividualResponse,"[BlameRes(sha1='1711fc7c1aa7a7167f8c9434d44786e61277df12', oline='255', file_name='restli-server/src/test/java/com/linkedin/restli/server/multiplexer/TestMultiplexedRequestHandlerImpl.java')]"
rest.li,4,"('54ec8104cede6d7b8e880202f169afac61fa6972', 'd8fbe8d8fdcda15b85e3943cbb98baffc56b3659', '2323cda6d35578ddc3dc7310b7c8789e2b75f197', 'cfa35657ddae2765321fc8ec9ed79bf6d682783c')",Rename Method,restli-server/src/test/java/com/linkedin/restli/server/multiplexer/TestMultiplexedRequestHandlerImpl.java@private errorIndResponse(id int) : IndividualResponse,restli-server/src/test/java/com/linkedin/restli/server/multiplexer/TestMultiplexedRequestHandlerImpl.java@private fakeIndResponse(entity IndividualBody) : IndividualResponse,"[BlameRes(sha1='1711fc7c1aa7a7167f8c9434d44786e61277df12', oline='266', file_name='restli-server/src/test/java/com/linkedin/restli/server/multiplexer/TestMultiplexedRequestHandlerImpl.java')]"
rest.li,4,"('54ec8104cede6d7b8e880202f169afac61fa6972', 'd8fbe8d8fdcda15b85e3943cbb98baffc56b3659', '2323cda6d35578ddc3dc7310b7c8789e2b75f197', 'cfa35657ddae2765321fc8ec9ed79bf6d682783c')",Rename Parameter,restli-server/src/test/java/com/linkedin/restli/server/multiplexer/TestMultiplexedRequestHandlerImpl.java@id : int,restli-server/src/test/java/com/linkedin/restli/server/multiplexer/TestMultiplexedRequestHandlerImpl.java@entity : IndividualBody,"[BlameRes(sha1='1711fc7c1aa7a7167f8c9434d44786e61277df12', oline='266', file_name='restli-server/src/test/java/com/linkedin/restli/server/multiplexer/TestMultiplexedRequestHandlerImpl.java')]"
rest.li,4,"('54ec8104cede6d7b8e880202f169afac61fa6972', 'd8fbe8d8fdcda15b85e3943cbb98baffc56b3659', '2323cda6d35578ddc3dc7310b7c8789e2b75f197', 'cfa35657ddae2765321fc8ec9ed79bf6d682783c')",Change Parameter Type,restli-server/src/test/java/com/linkedin/restli/server/multiplexer/TestMultiplexedRequestHandlerImpl.java@id : int,restli-server/src/test/java/com/linkedin/restli/server/multiplexer/TestMultiplexedRequestHandlerImpl.java@entity : IndividualBody,"[BlameRes(sha1='1711fc7c1aa7a7167f8c9434d44786e61277df12', oline='266', file_name='restli-server/src/test/java/com/linkedin/restli/server/multiplexer/TestMultiplexedRequestHandlerImpl.java')]"
rest.li,4,"('7aaed2f4d30fb5333d03728f4a4d94826733f74a', 'c6d009c5c6315d3c24d6512e3028d6fc6deb7003', 'd07a1e2674a9fce49d95829ef63b603bc7247d2c', '29b32e2dedc07b2bb2aedafdcd1d4fc17dbadc85')",Add Method Modifier,restli-client/src/main/java/com/linkedin/restli/client/uribuilders/BatchGetEntityRequestUriBuilder.java@public build() : URI,restli-client/src/main/java/com/linkedin/restli/client/uribuilders/AbstractRestliRequestUriBuilder.java@public build() : URI,"[BlameRes(sha1='8baa18155058e0d810f0593ed4ec2ae6f749cfd9', oline='19', file_name='restli-client/src/main/java/com/linkedin/restli/client/uribuilders/BatchGetEntityRequestUriBuilder.java')]"
rest.li,4,"('7aaed2f4d30fb5333d03728f4a4d94826733f74a', 'c6d009c5c6315d3c24d6512e3028d6fc6deb7003', 'd07a1e2674a9fce49d95829ef63b603bc7247d2c', '29b32e2dedc07b2bb2aedafdcd1d4fc17dbadc85')",Remove Variable Modifier,restli-client/src/main/java/com/linkedin/restli/client/uribuilders/BatchGetEntityRequestUriBuilder.java@builder : UriBuilder,restli-client/src/main/java/com/linkedin/restli/client/uribuilders/AbstractRestliRequestUriBuilder.java@b : UriBuilder,"[BlameRes(sha1='8baa18155058e0d810f0593ed4ec2ae6f749cfd9', oline='22', file_name='restli-client/src/main/java/com/linkedin/restli/client/uribuilders/BatchGetEntityRequestUriBuilder.java')]"
rest.li,4,"('7aaed2f4d30fb5333d03728f4a4d94826733f74a', 'c6d009c5c6315d3c24d6512e3028d6fc6deb7003', 'd07a1e2674a9fce49d95829ef63b603bc7247d2c', '29b32e2dedc07b2bb2aedafdcd1d4fc17dbadc85')",Rename Variable,restli-client/src/main/java/com/linkedin/restli/client/uribuilders/BatchGetEntityRequestUriBuilder.java@builder : UriBuilder,restli-client/src/main/java/com/linkedin/restli/client/uribuilders/AbstractRestliRequestUriBuilder.java@b : UriBuilder,"[BlameRes(sha1='8baa18155058e0d810f0593ed4ec2ae6f749cfd9', oline='22', file_name='restli-client/src/main/java/com/linkedin/restli/client/uribuilders/BatchGetEntityRequestUriBuilder.java')]"
rest.li,4,"('7aaed2f4d30fb5333d03728f4a4d94826733f74a', 'c6d009c5c6315d3c24d6512e3028d6fc6deb7003', 'd07a1e2674a9fce49d95829ef63b603bc7247d2c', '29b32e2dedc07b2bb2aedafdcd1d4fc17dbadc85')",Pull Up Method,restli-client/src/main/java/com/linkedin/restli/client/uribuilders/BatchGetEntityRequestUriBuilder.java@public build() : URI,restli-client/src/main/java/com/linkedin/restli/client/uribuilders/AbstractRestliRequestUriBuilder.java@public build() : URI,"[BlameRes(sha1='8baa18155058e0d810f0593ed4ec2ae6f749cfd9', oline='19', file_name='restli-client/src/main/java/com/linkedin/restli/client/uribuilders/BatchGetEntityRequestUriBuilder.java')]"
rest.li,4,"('1adc87cfcbebad6c9bcb8d2aaedbb7d7dc712213', 'd9884cb6719914db0727539f46aa4ad6ebe5da04', 'fa7a80ed60ccb5a4340937b4698b1f61cedd8beb', 'a6fcdef2c500700d186deffb87b1a3b0ace9ab4c')",Move And Rename Class,r2-netty/src/main/java/com/linkedin/r2/transport/http/client/HttpClientFactory.java@com.linkedin.r2.transport.http.client.HttpClientFactory.HttpProtocolVersion,d2/src/main/java/com/linkedin/d2/balancer/strategies/degrader/DegraderLoadBalancerQuarantine.java@com.linkedin.d2.balancer.strategies.degrader.DegraderLoadBalancerQuarantine.QuarantineStates,"[BlameRes(sha1='2586f1b1657a9dafa86e5357345177b22fc29b70', oline='53', file_name='r2-netty/src/main/java/com/linkedin/r2/transport/http/client/HttpClientFactory.java')]"
rest.li,4,"('1adc87cfcbebad6c9bcb8d2aaedbb7d7dc712213', 'd9884cb6719914db0727539f46aa4ad6ebe5da04', 'fa7a80ed60ccb5a4340937b4698b1f61cedd8beb', 'a6fcdef2c500700d186deffb87b1a3b0ace9ab4c')",Change Class Access Modifier,r2-netty/src/main/java/com/linkedin/r2/transport/http/client/HttpClientFactory.java@com.linkedin.r2.transport.http.client.HttpClientFactory.HttpProtocolVersion,d2/src/main/java/com/linkedin/d2/balancer/strategies/degrader/DegraderLoadBalancerQuarantine.java@com.linkedin.d2.balancer.strategies.degrader.DegraderLoadBalancerQuarantine.QuarantineStates,"[BlameRes(sha1='2586f1b1657a9dafa86e5357345177b22fc29b70', oline='53', file_name='r2-netty/src/main/java/com/linkedin/r2/transport/http/client/HttpClientFactory.java')]"
rest.li,4,"('71033c0aa8e8739affe3183d1d032a73d80546ad', '0d126a924feb836564f3fe5f8129d0c41188e80d', 'b215caf50b6274156e62b549dac3322a003d143a', '979e0da7c30b3c684c5388bb0e2377a88f9cd1db')",Move Method,d2/src/main/java/com/linkedin/d2/balancer/util/AllPartitionsResult.java@public getPartitionCount() : int,d2/src/main/java/com/linkedin/d2/balancer/util/HostToKeyMapper.java@public getPartitionCount() : int,"[BlameRes(sha1='b14c3f4a081294107eccda66e27ddd46a0c2c38e', oline='25', file_name='d2/src/main/java/com/linkedin/d2/balancer/util/AllPartitionsResult.java')]"
rest.li,5,"('a9a4384d594796ab3dbd27dc736d9eb14474e549', 'f12e394c744f13ad5f366deba81d2336fe959991', 'e2291b6e0c49be9376b2b0df233274f6a67bb3e7', '9151574065b9627cce37c73ec5267e3719981809', 'bb282beda2658d9d993994e56422f922575abf9e')",Replace Attribute With Variable,restli-server/src/test/java/com/linkedin/restli/internal/server/response/TestRestLiCallback.java@_twoFilterChain : RestLiFilterChain,restli-server/src/test/java/com/linkedin/restli/internal/server/response/TestRestLiCallback.java@filterChainCallback : FilterChainCallback,"[BlameRes(sha1='0473a93dcf6d39577576fa003ffa7068227acbcb', oline='110', file_name='restli-server/src/test/java/com/linkedin/restli/internal/server/TestRestLiCallback.java')]"
rest.li,5,"('a9a4384d594796ab3dbd27dc736d9eb14474e549', 'f12e394c744f13ad5f366deba81d2336fe959991', 'e2291b6e0c49be9376b2b0df233274f6a67bb3e7', '9151574065b9627cce37c73ec5267e3719981809', 'bb282beda2658d9d993994e56422f922575abf9e')",Move Attribute,restli-server/src/test/java/com/linkedin/restli/internal/server/response/TestRestLiCallback.java@private _errorResponseBuilder : ErrorResponseBuilder,restli-server/src/main/java/com/linkedin/restli/internal/server/response/BatchResponseBuilder.java@private _errorResponseBuilder : ErrorResponseBuilder,"[BlameRes(sha1='5cd7033db8b215c96edd7440d946e4763948b98b', oline='93', file_name='restli-server/src/test/java/com/linkedin/restli/internal/server/response/TestRestLiCallback.java')]"
rest.li,5,"('a9a4384d594796ab3dbd27dc736d9eb14474e549', 'f12e394c744f13ad5f366deba81d2336fe959991', 'e2291b6e0c49be9376b2b0df233274f6a67bb3e7', '9151574065b9627cce37c73ec5267e3719981809', 'bb282beda2658d9d993994e56422f922575abf9e')",Add Attribute Modifier,restli-server/src/test/java/com/linkedin/restli/internal/server/response/TestRestLiCallback.java@private _errorResponseBuilder : ErrorResponseBuilder,restli-server/src/main/java/com/linkedin/restli/internal/server/response/BatchResponseBuilder.java@private _errorResponseBuilder : ErrorResponseBuilder,"[BlameRes(sha1='5cd7033db8b215c96edd7440d946e4763948b98b', oline='93', file_name='restli-server/src/test/java/com/linkedin/restli/internal/server/response/TestRestLiCallback.java')]"
rest.li,5,"('e5f760f4a6f9dbdc9a51355a1ebc82e2892737a4', 'd5486abf55c0f863fbfaaad5d2ebe92f1941c5ef', '75056a8c599f8aa15f6cf3e4d757b0e4d3620612', '08b8f3c2a1bb982db895f6bda55365298ffe69ca', '7bab4bce65d197538145788f0723bc4aaeb9ed5f')",Add Parameter,restli-tools/src/test/java/com/linkedin/restli/tools/data/TestSchemaFormatTranslator.java@public testTranslatePdscToPdl() : void,restli-tools/src/test/java/com/linkedin/restli/tools/data/TestSchemaFormatTranslator.java@packageName : String,"[BlameRes(sha1='3afdc00f41fb86f78ac8ffff47a7c2fe2516c5b1', oline='16', file_name='restli-tools/src/test/java/com/linkedin/restli/tools/data/TestSchemaFormatTranslator.java')]"
rest.li,5,"('e5f760f4a6f9dbdc9a51355a1ebc82e2892737a4', 'd5486abf55c0f863fbfaaad5d2ebe92f1941c5ef', '75056a8c599f8aa15f6cf3e4d757b0e4d3620612', '08b8f3c2a1bb982db895f6bda55365298ffe69ca', '7bab4bce65d197538145788f0723bc4aaeb9ed5f')",Add Parameter,restli-tools/src/test/java/com/linkedin/restli/tools/data/TestSchemaFormatTranslator.java@public testTranslatePdscToPdl() : void,restli-tools/src/test/java/com/linkedin/restli/tools/data/TestSchemaFormatTranslator.java@className : String,"[BlameRes(sha1='3afdc00f41fb86f78ac8ffff47a7c2fe2516c5b1', oline='16', file_name='restli-tools/src/test/java/com/linkedin/restli/tools/data/TestSchemaFormatTranslator.java')]"
rest.li,5,"('3a8144802e74cdec03514d60e792fcd8691fb217', '53d0ea420f629da36a2641962c2637f1fd5d85f7', '1a0b628c55eb0674ebb122eeec8ca42cf44998be', '2dac895229b407edbb579bab510232bb6590fc07', '114b91e75fc8eca61ec225693347993023db9132')",Add Method Annotation,r2-perf-test/src/main/java/test/r2/perf/R2Perf.java@private shutdown() : void,r2-int-test/src/test/java/test/r2/integ/TestQueryTunnel.java@@AfterClass,"[BlameRes(sha1='b14c3f4a081294107eccda66e27ddd46a0c2c38e', oline='141', file_name='r2-perf-test/src/main/java/test/r2/perf/R2Perf.java')]"
rest.li,5,"('3a8144802e74cdec03514d60e792fcd8691fb217', '53d0ea420f629da36a2641962c2637f1fd5d85f7', '1a0b628c55eb0674ebb122eeec8ca42cf44998be', '2dac895229b407edbb579bab510232bb6590fc07', '114b91e75fc8eca61ec225693347993023db9132')",Change Thrown Exception Type,r2-perf-test/src/main/java/test/r2/perf/R2Perf.java@ExecutionException,r2-int-test/src/test/java/test/r2/integ/TestQueryTunnel.java@Exception,"[BlameRes(sha1='b14c3f4a081294107eccda66e27ddd46a0c2c38e', oline='141', file_name='r2-perf-test/src/main/java/test/r2/perf/R2Perf.java')]"
rest.li,5,"('3a8144802e74cdec03514d60e792fcd8691fb217', '53d0ea420f629da36a2641962c2637f1fd5d85f7', '1a0b628c55eb0674ebb122eeec8ca42cf44998be', '2dac895229b407edbb579bab510232bb6590fc07', '114b91e75fc8eca61ec225693347993023db9132')",Change Method Access Modifier,r2-perf-test/src/main/java/test/r2/perf/R2Perf.java@private shutdown() : void,r2-int-test/src/test/java/test/r2/integ/TestQueryTunnel.java@protected tearDown() : void,"[BlameRes(sha1='b14c3f4a081294107eccda66e27ddd46a0c2c38e', oline='141', file_name='r2-perf-test/src/main/java/test/r2/perf/R2Perf.java')]"
rest.li,5,"('3a8144802e74cdec03514d60e792fcd8691fb217', '53d0ea420f629da36a2641962c2637f1fd5d85f7', '1a0b628c55eb0674ebb122eeec8ca42cf44998be', '2dac895229b407edbb579bab510232bb6590fc07', '114b91e75fc8eca61ec225693347993023db9132')",Move And Rename Method,r2-perf-test/src/main/java/test/r2/perf/R2Perf.java@private shutdown() : void,r2-int-test/src/test/java/test/r2/integ/TestQueryTunnel.java@protected tearDown() : void,"[BlameRes(sha1='b14c3f4a081294107eccda66e27ddd46a0c2c38e', oline='141', file_name='r2-perf-test/src/main/java/test/r2/perf/R2Perf.java')]"
rest.li,5,"('29b32e2dedc07b2bb2aedafdcd1d4fc17dbadc85', '68fe8ad42dd1359a0e5c3ead615ac374e0a05b13', '667ef741432305875a81959a04149bd267dbc739', 'a11688f97c4c3a79d2c7c2daeb02e752d756f5cb', '6954c010d7a47a3e2a7d2f4fc19f4547e0d06c4e')",Add Method Modifier,restli-client/src/main/java/com/linkedin/restli/client/uribuilders/BatchGetEntityRequestUriBuilder.java@public build() : URI,restli-client/src/main/java/com/linkedin/restli/client/uribuilders/AbstractRestliRequestUriBuilder.java@public build() : URI,"[BlameRes(sha1='8baa18155058e0d810f0593ed4ec2ae6f749cfd9', oline='19', file_name='restli-client/src/main/java/com/linkedin/restli/client/uribuilders/BatchGetEntityRequestUriBuilder.java')]"
rest.li,5,"('29b32e2dedc07b2bb2aedafdcd1d4fc17dbadc85', '68fe8ad42dd1359a0e5c3ead615ac374e0a05b13', '667ef741432305875a81959a04149bd267dbc739', 'a11688f97c4c3a79d2c7c2daeb02e752d756f5cb', '6954c010d7a47a3e2a7d2f4fc19f4547e0d06c4e')",Remove Variable Modifier,restli-client/src/main/java/com/linkedin/restli/client/uribuilders/BatchGetEntityRequestUriBuilder.java@builder : UriBuilder,restli-client/src/main/java/com/linkedin/restli/client/uribuilders/AbstractRestliRequestUriBuilder.java@b : UriBuilder,"[BlameRes(sha1='8baa18155058e0d810f0593ed4ec2ae6f749cfd9', oline='22', file_name='restli-client/src/main/java/com/linkedin/restli/client/uribuilders/BatchGetEntityRequestUriBuilder.java')]"
rest.li,5,"('29b32e2dedc07b2bb2aedafdcd1d4fc17dbadc85', '68fe8ad42dd1359a0e5c3ead615ac374e0a05b13', '667ef741432305875a81959a04149bd267dbc739', 'a11688f97c4c3a79d2c7c2daeb02e752d756f5cb', '6954c010d7a47a3e2a7d2f4fc19f4547e0d06c4e')",Rename Variable,restli-client/src/main/java/com/linkedin/restli/client/uribuilders/BatchGetEntityRequestUriBuilder.java@builder : UriBuilder,restli-client/src/main/java/com/linkedin/restli/client/uribuilders/AbstractRestliRequestUriBuilder.java@b : UriBuilder,"[BlameRes(sha1='8baa18155058e0d810f0593ed4ec2ae6f749cfd9', oline='22', file_name='restli-client/src/main/java/com/linkedin/restli/client/uribuilders/BatchGetEntityRequestUriBuilder.java')]"
rest.li,5,"('29b32e2dedc07b2bb2aedafdcd1d4fc17dbadc85', '68fe8ad42dd1359a0e5c3ead615ac374e0a05b13', '667ef741432305875a81959a04149bd267dbc739', 'a11688f97c4c3a79d2c7c2daeb02e752d756f5cb', '6954c010d7a47a3e2a7d2f4fc19f4547e0d06c4e')",Pull Up Method,restli-client/src/main/java/com/linkedin/restli/client/uribuilders/BatchGetEntityRequestUriBuilder.java@public build() : URI,restli-client/src/main/java/com/linkedin/restli/client/uribuilders/AbstractRestliRequestUriBuilder.java@public build() : URI,"[BlameRes(sha1='8baa18155058e0d810f0593ed4ec2ae6f749cfd9', oline='19', file_name='restli-client/src/main/java/com/linkedin/restli/client/uribuilders/BatchGetEntityRequestUriBuilder.java')]"
rest.li,5,"('e531dca1179ee34a67e62457bda5fcebb90c6487', 'd2aa7fb236897d05b9781c62e42437753c40d9db', '9790cc97ef9238a0b1248afaaa543e130d9afd46', '2751e7e910fa5f59b56ddabb7d404688b91d2749', '60bf7ce77a9e04f055fef67a3267278334c5135e')",Add Method Annotation,data/src/main/java/com/linkedin/data/codec/JacksonDataCodec.java@public getPrettyPrinter() : PrettyPrinter,"data/src/main/java/com/linkedin/data/codec/JacksonDataCodec.java@@SuppressWarnings(""unchecked"")","[BlameRes(sha1='b14c3f4a081294107eccda66e27ddd46a0c2c38e', oline='50', file_name='data/src/main/java/com/linkedin/data/codec/JacksonDataCodec.java')]"
rest.li,5,"('e531dca1179ee34a67e62457bda5fcebb90c6487', 'd2aa7fb236897d05b9781c62e42437753c40d9db', '9790cc97ef9238a0b1248afaaa543e130d9afd46', '2751e7e910fa5f59b56ddabb7d404688b91d2749', '60bf7ce77a9e04f055fef67a3267278334c5135e')",Change Method Access Modifier,data/src/main/java/com/linkedin/data/codec/JacksonDataCodec.java@public getPrettyPrinter() : PrettyPrinter,data/src/main/java/com/linkedin/data/codec/JacksonDataCodec.java@private getPrettyPrinter() : PrettyPrinter,"[BlameRes(sha1='b14c3f4a081294107eccda66e27ddd46a0c2c38e', oline='50', file_name='data/src/main/java/com/linkedin/data/codec/JacksonDataCodec.java')]"
rest.li,5,"('c8e375be12bf90aa4e769b90a3e6ac4838869f99', '9d60d7902fadedbf2d44672bd17024a0457d4567', 'ebdc08e3a5fffeb5a6161fe9973f77922e64afe8', 'edefb8a2a57ad77b97ea9f4345d6bbcd513876e4', 'fcdc338981b428e2a9151778baf27e2a3ec8eb77')",Extract Method,"restli-tools/src/main/java/com/linkedin/restli/tools/idlgen/RestLiResourceModelExporter.java@public export(apiName String, classpath String[], sourcePaths String[], resourcePackages String[], outdir String) : GeneratorResult","restli-tools/src/main/java/com/linkedin/restli/tools/idlgen/RestLiResourceModelExporter.java@public export(apiName String, classpath String[], sourcePaths String[], resourcePackages String[], resourceClasses String[], outdir String) : GeneratorResult","[BlameRes(sha1='b14c3f4a081294107eccda66e27ddd46a0c2c38e', oline='31', file_name='restli-tools/src/main/java/com/linkedin/restli/tools/idlgen/RestLiResourceModelExporter.java')]"
rest.li,5,"('b61aed9757ce7c201e26a6827b6a5f6c348ffe89', '54ec8104cede6d7b8e880202f169afac61fa6972', 'd8fbe8d8fdcda15b85e3943cbb98baffc56b3659', '2323cda6d35578ddc3dc7310b7c8789e2b75f197', 'cfa35657ddae2765321fc8ec9ed79bf6d682783c')",Move And Inline Method,"restli-client/src/test/java/com/linkedin/restli/client/multiplexer/MultiplexerTestBase.java@protected assertEquals(actual RecordTemplate, expected RecordTemplate) : void","data/src/test/java/com/linkedin/data/schema/validation/TestValidation.java@public validate(map DataMap, schema DataSchema, options ValidationOptions) : ValidationResult","[BlameRes(sha1='1711fc7c1aa7a7167f8c9434d44786e61277df12', oline='152', file_name='restli-client/src/test/java/com/linkedin/restli/client/multiplexer/MultiplexerTestBase.java')]"
rest.li,5,"('b61aed9757ce7c201e26a6827b6a5f6c348ffe89', '54ec8104cede6d7b8e880202f169afac61fa6972', 'd8fbe8d8fdcda15b85e3943cbb98baffc56b3659', '2323cda6d35578ddc3dc7310b7c8789e2b75f197', 'cfa35657ddae2765321fc8ec9ed79bf6d682783c')",Move And Inline Method,"restli-client/src/test/java/com/linkedin/restli/client/multiplexer/MultiplexerTestBase.java@protected assertEquals(actual RecordTemplate, expected RecordTemplate) : void","data/src/test/java/com/linkedin/data/schema/validation/TestValidation.java@public validate(element DataElement, options ValidationOptions) : ValidationResult","[BlameRes(sha1='1711fc7c1aa7a7167f8c9434d44786e61277df12', oline='152', file_name='restli-client/src/test/java/com/linkedin/restli/client/multiplexer/MultiplexerTestBase.java')]"
rest.li,5,"('b61aed9757ce7c201e26a6827b6a5f6c348ffe89', '54ec8104cede6d7b8e880202f169afac61fa6972', 'd8fbe8d8fdcda15b85e3943cbb98baffc56b3659', '2323cda6d35578ddc3dc7310b7c8789e2b75f197', 'cfa35657ddae2765321fc8ec9ed79bf6d682783c')",Move And Inline Method,"restli-client/src/test/java/com/linkedin/restli/client/multiplexer/MultiplexerTestBase.java@protected assertEquals(actual RecordTemplate, expected RecordTemplate) : void",data/src/test/java/com/linkedin/data/schema/validation/TestValidation.java@public normalCoercionValidationOption() : ValidationOptions,"[BlameRes(sha1='1711fc7c1aa7a7167f8c9434d44786e61277df12', oline='152', file_name='restli-client/src/test/java/com/linkedin/restli/client/multiplexer/MultiplexerTestBase.java')]"
rest.li,5,"('8ed764812d9b7861abd41623ee08370c5bab6a38', '09f4b9a033b6ca5272ea6fdf3c9d213e89539758', 'c97f79baf5b67074828cbe3e8207b4b6147716dc', '878aeb972d655ef64a52c7fce96c7bc1424d5920', '9df50995a4d56139c3e2d7fa508122c3ff6582ff')",Move And Rename Attribute,restli-common/src/main/java/com/linkedin/restli/common/RestConstants.java@public DEFAULT_PROTOCOL_VERSION : ProtocolVersion,restli-common/src/main/java/com/linkedin/restli/internal/common/AllProtocolVersions.java@public BASELINE_PROTOCOL_VERSION : ProtocolVersion,"[BlameRes(sha1='869bb8069533b912ec1f1d06316afa38f0f03f71', oline='61', file_name='restli-common/src/main/java/com/linkedin/restli/common/RestConstants.java')]"
rest.li,5,"('8ed764812d9b7861abd41623ee08370c5bab6a38', '09f4b9a033b6ca5272ea6fdf3c9d213e89539758', 'c97f79baf5b67074828cbe3e8207b4b6147716dc', '878aeb972d655ef64a52c7fce96c7bc1424d5920', '9df50995a4d56139c3e2d7fa508122c3ff6582ff')",Move And Rename Attribute,restli-common/src/main/java/com/linkedin/restli/common/RestConstants.java@public DEFAULT_PROTOCOL_VERSION : ProtocolVersion,restli-common/src/main/java/com/linkedin/restli/internal/common/AllProtocolVersions.java@public LATEST_PROTOCOL_VERSION : ProtocolVersion,"[BlameRes(sha1='869bb8069533b912ec1f1d06316afa38f0f03f71', oline='61', file_name='restli-common/src/main/java/com/linkedin/restli/common/RestConstants.java')]"
rest.li,5,"('f4a35a43934eb12e8232dbb26e8bc2f3073ec497', 'd5bb0280614667c46337d25fabe2c41fd399bf05', 'df1ab91b4b8f74609b596b5fe0e3f1c4d02c2ca6', '813b23c951b3373e958fd86663c7282a397dfaf1', '56053b22a0eea6937eb6fb2e52b225a59e4f381a')",Rename Parameter,d2/src/main/java/com/linkedin/d2/balancer/strategies/degrader/BoundedLoadConsistentHashRingFactory.java@boundedLoadBalanceFactor : double,d2/src/main/java/com/linkedin/d2/balancer/strategies/degrader/BoundedLoadConsistentHashRingFactory.java@boundedLoadBalancingFactor : double,"[BlameRes(sha1='607a194d51cf95f70a2b82dc0c2ed7fc11179e2d', oline='15', file_name='d2/src/main/java/com/linkedin/d2/balancer/strategies/degrader/BoundedLoadConsistentHashRingFactory.java')]"
rest.li,5,"('f4a35a43934eb12e8232dbb26e8bc2f3073ec497', 'd5bb0280614667c46337d25fabe2c41fd399bf05', 'df1ab91b4b8f74609b596b5fe0e3f1c4d02c2ca6', '813b23c951b3373e958fd86663c7282a397dfaf1', '56053b22a0eea6937eb6fb2e52b225a59e4f381a')",Rename Attribute,d2/src/main/java/com/linkedin/d2/balancer/strategies/degrader/BoundedLoadConsistentHashRingFactory.java@_boundedLoadBalanceFactor : double,d2/src/main/java/com/linkedin/d2/balancer/strategies/degrader/BoundedLoadConsistentHashRingFactory.java@_boundedLoadBalancingFactor : double,"[BlameRes(sha1='607a194d51cf95f70a2b82dc0c2ed7fc11179e2d', oline='12', file_name='d2/src/main/java/com/linkedin/d2/balancer/strategies/degrader/BoundedLoadConsistentHashRingFactory.java')]"
rest.li,5,"('f4a35a43934eb12e8232dbb26e8bc2f3073ec497', 'd5bb0280614667c46337d25fabe2c41fd399bf05', 'df1ab91b4b8f74609b596b5fe0e3f1c4d02c2ca6', '813b23c951b3373e958fd86663c7282a397dfaf1', '56053b22a0eea6937eb6fb2e52b225a59e4f381a')",Rename Method,d2/src/main/java/com/linkedin/d2/balancer/strategies/degrader/DegraderLoadBalancerStrategyConfig.java@public getBoundedLoadBalanceFactor() : double,d2/src/main/java/com/linkedin/d2/balancer/strategies/degrader/DegraderLoadBalancerStrategyConfig.java@public getBoundedLoadBalancingFactor() : double,"[BlameRes(sha1='607a194d51cf95f70a2b82dc0c2ed7fc11179e2d', oline='421', file_name='d2/src/main/java/com/linkedin/d2/balancer/strategies/degrader/DegraderLoadBalancerStrategyConfig.java')]"
rest.li,5,"('f4a35a43934eb12e8232dbb26e8bc2f3073ec497', 'd5bb0280614667c46337d25fabe2c41fd399bf05', 'df1ab91b4b8f74609b596b5fe0e3f1c4d02c2ca6', '813b23c951b3373e958fd86663c7282a397dfaf1', '56053b22a0eea6937eb6fb2e52b225a59e4f381a')",Rename Variable,d2/src/main/java/com/linkedin/d2/balancer/strategies/degrader/DegraderLoadBalancerStrategyConfig.java@boundedLoadBalanceFactor : Double,d2/src/main/java/com/linkedin/d2/balancer/strategies/degrader/DegraderLoadBalancerStrategyConfig.java@boundedLoadBalancingFactor : Double,"[BlameRes(sha1='607a194d51cf95f70a2b82dc0c2ed7fc11179e2d', oline='275', file_name='d2/src/main/java/com/linkedin/d2/balancer/strategies/degrader/DegraderLoadBalancerStrategyConfig.java')]"
rest.li,5,"('f4a35a43934eb12e8232dbb26e8bc2f3073ec497', 'd5bb0280614667c46337d25fabe2c41fd399bf05', 'df1ab91b4b8f74609b596b5fe0e3f1c4d02c2ca6', '813b23c951b3373e958fd86663c7282a397dfaf1', '56053b22a0eea6937eb6fb2e52b225a59e4f381a')",Rename Parameter,d2/src/main/java/com/linkedin/d2/balancer/strategies/degrader/DegraderLoadBalancerStrategyConfig.java@boundedLoadBalanceFactor : double,d2/src/main/java/com/linkedin/d2/balancer/strategies/degrader/DegraderLoadBalancerStrategyConfig.java@boundedLoadBalancingFactor : double,"[BlameRes(sha1='607a194d51cf95f70a2b82dc0c2ed7fc11179e2d', oline='164', file_name='d2/src/main/java/com/linkedin/d2/balancer/strategies/degrader/DegraderLoadBalancerStrategyConfig.java')]"
rest.li,5,"('f4a35a43934eb12e8232dbb26e8bc2f3073ec497', 'd5bb0280614667c46337d25fabe2c41fd399bf05', 'df1ab91b4b8f74609b596b5fe0e3f1c4d02c2ca6', '813b23c951b3373e958fd86663c7282a397dfaf1', '56053b22a0eea6937eb6fb2e52b225a59e4f381a')",Rename Attribute,d2/src/main/java/com/linkedin/d2/balancer/strategies/degrader/DegraderLoadBalancerStrategyConfig.java@DEFAULT_BOUNDED_LOAD_BALANCE_FACTOR : double,d2/src/main/java/com/linkedin/d2/balancer/strategies/degrader/DegraderLoadBalancerStrategyConfig.java@DEFAULT_BOUNDED_LOAD_BALANCING_FACTOR : double,"[BlameRes(sha1='607a194d51cf95f70a2b82dc0c2ed7fc11179e2d', oline='83', file_name='d2/src/main/java/com/linkedin/d2/balancer/strategies/degrader/DegraderLoadBalancerStrategyConfig.java')]"
rest.li,5,"('f4a35a43934eb12e8232dbb26e8bc2f3073ec497', 'd5bb0280614667c46337d25fabe2c41fd399bf05', 'df1ab91b4b8f74609b596b5fe0e3f1c4d02c2ca6', '813b23c951b3373e958fd86663c7282a397dfaf1', '56053b22a0eea6937eb6fb2e52b225a59e4f381a')",Rename Attribute,d2/src/main/java/com/linkedin/d2/balancer/strategies/degrader/DegraderLoadBalancerStrategyConfig.java@_boundedLoadBalanceFactor : double,d2/src/main/java/com/linkedin/d2/balancer/strategies/degrader/DegraderLoadBalancerStrategyConfig.java@_boundedLoadBalancingFactor : double,"[BlameRes(sha1='607a194d51cf95f70a2b82dc0c2ed7fc11179e2d', oline='49', file_name='d2/src/main/java/com/linkedin/d2/balancer/strategies/degrader/DegraderLoadBalancerStrategyConfig.java')]"
rest.li,5,"('f4a35a43934eb12e8232dbb26e8bc2f3073ec497', 'd5bb0280614667c46337d25fabe2c41fd399bf05', 'df1ab91b4b8f74609b596b5fe0e3f1c4d02c2ca6', '813b23c951b3373e958fd86663c7282a397dfaf1', '56053b22a0eea6937eb6fb2e52b225a59e4f381a')",Rename Parameter,d2/src/main/java/com/linkedin/d2/balancer/util/hashing/BoundedLoadConsistentHashRing.java@boundedLoadBalanceFactor : double,d2/src/main/java/com/linkedin/d2/balancer/util/hashing/BoundedLoadConsistentHashRing.java@boundedLoadBalancingFactor : double,"[BlameRes(sha1='607a194d51cf95f70a2b82dc0c2ed7fc11179e2d', oline='36', file_name='d2/src/main/java/com/linkedin/d2/balancer/util/hashing/BoundedLoadConsistentHashRing.java')]"
rest.li,5,"('f4a35a43934eb12e8232dbb26e8bc2f3073ec497', 'd5bb0280614667c46337d25fabe2c41fd399bf05', 'df1ab91b4b8f74609b596b5fe0e3f1c4d02c2ca6', '813b23c951b3373e958fd86663c7282a397dfaf1', '56053b22a0eea6937eb6fb2e52b225a59e4f381a')",Rename Attribute,d2/src/main/java/com/linkedin/d2/balancer/util/hashing/BoundedLoadConsistentHashRing.java@_boundedLoadBalanceFactor : double,d2/src/main/java/com/linkedin/d2/balancer/util/hashing/BoundedLoadConsistentHashRing.java@_boundedLoadBalancingFactor : double,"[BlameRes(sha1='607a194d51cf95f70a2b82dc0c2ed7fc11179e2d', oline='29', file_name='d2/src/main/java/com/linkedin/d2/balancer/util/hashing/BoundedLoadConsistentHashRing.java')]"
rest.li,5,"('f4a35a43934eb12e8232dbb26e8bc2f3073ec497', 'd5bb0280614667c46337d25fabe2c41fd399bf05', 'df1ab91b4b8f74609b596b5fe0e3f1c4d02c2ca6', '813b23c951b3373e958fd86663c7282a397dfaf1', '56053b22a0eea6937eb6fb2e52b225a59e4f381a')",Rename Attribute,d2/src/test/java/com/linkedin/d2/balancer/strategies/degrader/DegraderLoadBalancerStateTest.java@BOUNDED_LOAD_BALANCE_FACTOR : double,d2/src/test/java/com/linkedin/d2/balancer/strategies/degrader/DegraderLoadBalancerStateTest.java@BOUNDED_LOAD_BALANCING_FACTOR : double,"[BlameRes(sha1='607a194d51cf95f70a2b82dc0c2ed7fc11179e2d', oline='58', file_name='d2/src/test/java/com/linkedin/d2/balancer/strategies/degrader/DegraderLoadBalancerStateTest.java')]"
rest.li,5,"('f4a35a43934eb12e8232dbb26e8bc2f3073ec497', 'd5bb0280614667c46337d25fabe2c41fd399bf05', 'df1ab91b4b8f74609b596b5fe0e3f1c4d02c2ca6', '813b23c951b3373e958fd86663c7282a397dfaf1', '56053b22a0eea6937eb6fb2e52b225a59e4f381a')",Rename Attribute,d2/src/test/java/com/linkedin/d2/balancer/util/hashing/BoundedLoadConsistentHashTest.java@BOUNDED_LOAD_BALANCE_FACTOR : double,d2/src/test/java/com/linkedin/d2/balancer/util/hashing/BoundedLoadConsistentHashTest.java@BOUNDED_LOAD_BALANCING_FACTOR : double,"[BlameRes(sha1='607a194d51cf95f70a2b82dc0c2ed7fc11179e2d', oline='34', file_name='d2/src/test/java/com/linkedin/d2/balancer/util/hashing/BoundedLoadConsistentHashTest.java')]"
rest.li,5,"('f4a35a43934eb12e8232dbb26e8bc2f3073ec497', 'd5bb0280614667c46337d25fabe2c41fd399bf05', 'df1ab91b4b8f74609b596b5fe0e3f1c4d02c2ca6', '813b23c951b3373e958fd86663c7282a397dfaf1', '56053b22a0eea6937eb6fb2e52b225a59e4f381a')",Rename Attribute,d2/src/main/java/com/linkedin/d2/balancer/properties/PropertyKeys.java@HTTP_LB_CONSISTENT_HASH_BOUNDED_LOAD_BALANCE_FACTOR : String,d2/src/main/java/com/linkedin/d2/balancer/properties/PropertyKeys.java@HTTP_LB_CONSISTENT_HASH_BOUNDED_LOAD_BALANCING_FACTOR : String,"[BlameRes(sha1='607a194d51cf95f70a2b82dc0c2ed7fc11179e2d', oline='66', file_name='d2/src/main/java/com/linkedin/d2/balancer/properties/PropertyKeys.java')]"
rest.li,5,"('f0278ab2abc7708fd034e9b44f3374487706e030', '58810ba8793e5efb7b1cea87f135d4c9425a7fe3', 'b68acfbb5b9ec5323519c33d10b2c5848f5f4d8c', '954af3ab03c642070de308c9143769424c957cef', '9cdffdf1962a8cc0c628bf84cfcc746fd05551c8')",Change Variable Type,d2/src/main/java/com/linkedin/d2/balancer/simple/SimpleLoadBalancerState.java@allowedOverrideKeysList : List<String>,d2/src/main/java/com/linkedin/d2/balancer/simple/SimpleLoadBalancerState.java@allowedClientOverrideKeysObj : Object,"[BlameRes(sha1='3224b211e842b6a41cc6021efbe84b2713266136', oline='996', file_name='d2/src/main/java/com/linkedin/d2/balancer/simple/SimpleLoadBalancerState.java')]"
rest.li,5,"('f0278ab2abc7708fd034e9b44f3374487706e030', '58810ba8793e5efb7b1cea87f135d4c9425a7fe3', 'b68acfbb5b9ec5323519c33d10b2c5848f5f4d8c', '954af3ab03c642070de308c9143769424c957cef', '9cdffdf1962a8cc0c628bf84cfcc746fd05551c8')",Remove Variable Annotation,"d2/src/main/java/com/linkedin/d2/balancer/simple/SimpleLoadBalancerState.java@@SuppressWarnings(""unchecked"")",d2/src/main/java/com/linkedin/d2/balancer/simple/SimpleLoadBalancerState.java@allowedClientOverrideKeysObj : Object,"[BlameRes(sha1='d29e6b4be0c8f65348b098b29d640977be9486e2', oline='996', file_name='d2/src/main/java/com/linkedin/d2/balancer/simple/SimpleLoadBalancerState.java')]"
