Repository,Granularity level,fine-grained commits,CGR type,CGR left,CGR right,CGR traced location,Cause
zuul,2,"('ee60b3ae84685cdd76890a45698f88ded7d28d03', 'e6a2c4f7b64f76d478b6ebfe02b8a3a5f078598b')",Merge Parameter,zuul-core/src/main/java/com/netflix/zuul/netty/connectionpool/DefaultClientChannelManager.java@stats : ServerStats,zuul-core/src/main/java/com/netflix/zuul/netty/connectionpool/DefaultClientChannelManager.java@originServer : OriginServer,"[BlameRes(sha1='7064cb43ea70c7adf3d8e8ec2e35ef5fbb9f1e21', oline='335', file_name='zuul-core/src/main/java/com/netflix/zuul/netty/connectionpool/DefaultClientChannelManager.java')]"
zuul,2,"('ee60b3ae84685cdd76890a45698f88ded7d28d03', 'e6a2c4f7b64f76d478b6ebfe02b8a3a5f078598b')",Merge Parameter,zuul-core/src/main/java/com/netflix/zuul/netty/connectionpool/PerServerConnectionPool.java@stats : ServerStats,zuul-core/src/main/java/com/netflix/zuul/netty/connectionpool/PerServerConnectionPool.java@server : OriginServer,"[BlameRes(sha1='23601a4e704e6ed898687bd62cdf3665657f6fab', oline='62', file_name='zuul-core/src/main/java/com/netflix/zuul/netty/connectionpool/PerServerConnectionPool.java')]"
zuul,2,"('ee60b3ae84685cdd76890a45698f88ded7d28d03', 'e6a2c4f7b64f76d478b6ebfe02b8a3a5f078598b')",Merge Attribute,zuul-core/src/main/java/com/netflix/zuul/netty/connectionpool/PerServerConnectionPool.java@stats : ServerStats,zuul-core/src/main/java/com/netflix/zuul/netty/connectionpool/PerServerConnectionPool.java@server : OriginServer,"[BlameRes(sha1='9c4a95328d12b6ca33314557017d0a5efef34485', oline='33', file_name='zuul-core/src/main/java/com/netflix/zuul/netty/connectionpool/PerServerConnectionPool.java')]"
zuul,2,"('ee60b3ae84685cdd76890a45698f88ded7d28d03', 'e6a2c4f7b64f76d478b6ebfe02b8a3a5f078598b')",Change Variable Type,zuul-core/src/main/java/com/netflix/zuul/niws/RequestAttempt.java@instanceInfo : InstanceInfo,zuul-core/src/main/java/com/netflix/zuul/niws/RequestAttempt.java@server : OriginServer,"[BlameRes(sha1='467a28c1b39634976147a64c2a37a1bc09bc1d2d', oline='93', file_name='zuul-core/src/main/java/com/netflix/zuul/niws/RequestAttempt.java')]"
zuul,2,"('ee60b3ae84685cdd76890a45698f88ded7d28d03', 'e6a2c4f7b64f76d478b6ebfe02b8a3a5f078598b')",Add Parameter Modifier,zuul-core/src/main/java/com/netflix/zuul/niws/RequestAttempt.java@instanceInfo : InstanceInfo,zuul-core/src/main/java/com/netflix/zuul/niws/RequestAttempt.java@server : OriginServer,"[BlameRes(sha1='467a28c1b39634976147a64c2a37a1bc09bc1d2d', oline='93', file_name='zuul-core/src/main/java/com/netflix/zuul/niws/RequestAttempt.java')]"
zuul,2,"('ee60b3ae84685cdd76890a45698f88ded7d28d03', 'e6a2c4f7b64f76d478b6ebfe02b8a3a5f078598b')",Parameterize Variable,zuul-core/src/main/java/com/netflix/zuul/niws/RequestAttempt.java@instanceInfo : InstanceInfo,zuul-core/src/main/java/com/netflix/zuul/niws/RequestAttempt.java@server : OriginServer,"[BlameRes(sha1='467a28c1b39634976147a64c2a37a1bc09bc1d2d', oline='93', file_name='zuul-core/src/main/java/com/netflix/zuul/niws/RequestAttempt.java')]"
zuul,2,"('6893d5fec84abb9581998b48e227793361a57302', '03712c383c0be149effd3a68cf0debd9c027a081')",Move And Rename Class,zuul-guice/src/test/java/com/netflix/zuul/guice/BaseInjectionTest.java@com.netflix.zuul.guice.BaseInjectionTest,zuul-guice/src/test/java/com/netflix/zuul/BaseInjectionIntegTest.java@com.netflix.zuul.BaseInjectionIntegTest,"[BlameRes(sha1='a2284520192c1db1486159ed46d97a3b54d31276', oline='21', file_name='zuul-guice/src/test/java/com/netflix/zuul/guice/BaseInjectionTest.java')]"
zuul,2,"('6893d5fec84abb9581998b48e227793361a57302', '03712c383c0be149effd3a68cf0debd9c027a081')",Add Class Modifier,zuul-guice/src/test/java/com/netflix/zuul/guice/BaseInjectionTest.java@com.netflix.zuul.guice.BaseInjectionTest,zuul-guice/src/test/java/com/netflix/zuul/BaseInjectionIntegTest.java@com.netflix.zuul.BaseInjectionIntegTest,"[BlameRes(sha1='a2284520192c1db1486159ed46d97a3b54d31276', oline='21', file_name='zuul-guice/src/test/java/com/netflix/zuul/guice/BaseInjectionTest.java')]"
zuul,2,"('2d30802e7f9684e79f601ff806d4eb3a2c309445', 'bb99d80646d8905778b3bbd43645c0dec5624edb')",Push Down Method,"zuul-core/src/main/java/com/netflix/zuul/FilterLoader.java@public getFilter(sCode String, sName String) : ZuulFilter<?,?>","zuul-core/src/main/java/com/netflix/zuul/DynamicFilterLoader.java@public getFilter(sourceCode String, filterName String) : ZuulFilter<?,?>","[BlameRes(sha1='65d0163e90451ea2dc234436bbc0290bee43637e', oline='47', file_name='zuul-core/src/main/java/com/netflix/zuul/FilterLoader.java')]"
zuul,2,"('d14a82dc1c0d4a4f756ae5708362d661ff2c3b2f', 'e2ecb56155541c97cfc97da40372b98ce4d06250')",Remove Parameter,zuul-core/src/main/java/com/netflix/zuul/message/http/HttpRequestMessageImpl.java@clientRemoteAddress : SocketAddress,"zuul-core/src/main/java/com/netflix/zuul/message/http/HttpRequestMessageImpl.java@public HttpRequestMessageImpl(context SessionContext, protocol String, method String, path String, queryParams HttpQueryParams, headers Headers, clientIp String, scheme String, port int, serverName String)","[BlameRes(sha1='f5df8aa6637593efaf59295c9bb4bdc280215539', oline='79', file_name='zuul-core/src/main/java/com/netflix/zuul/message/http/HttpRequestMessageImpl.java')]"
zuul,2,"('3628e148b1a49dc8213bb460886eaace133e379b', '4a0785b9eca72b5fd566317c280a79c293fbb838')",Extract And Move Method,"zuul-sample/src/main/java/com/netflix/zuul/sample/SampleServerStartup.java@protected choosePortsAndChannels(clientChannels ChannelGroup) : Map<Integer,ChannelInitializer>",zuul-core/src/main/java/com/netflix/zuul/netty/server/BaseServerStartup.java@protected logPortConfigured(port int) : void,"[BlameRes(sha1='9c4a95328d12b6ca33314557017d0a5efef34485', oline='58', file_name='zuul-sample/src/main/java/com/netflix/zuul/sample/SampleServerStartup.java')]"
zuul,2,"('d63b05e83ea8d0a171d41a7082de3d7deead5214', 'cb3f37dd4355957ade32cfcc1d562ea4098594db')",Extract Class,zuul-core/src/main/java/com/netflix/zuul/context/HttpResponseInfo.java@com.netflix.zuul.context.HttpResponseInfo,zuul-core/src/main/java/com/netflix/zuul/context/HttpResponseInfo.java@com.netflix.zuul.context.HttpResponseInfo,"[BlameRes(sha1='b2bb9c1495a1bf1d6dda3b6f7c5f2894c43d2db1', oline='3', file_name='zuul-core/src/main/java/com/netflix/zuul/context/HttpResponseInfo.java')]"
zuul,2,"('d63b05e83ea8d0a171d41a7082de3d7deead5214', 'cb3f37dd4355957ade32cfcc1d562ea4098594db')",Move Attribute,zuul-core/src/main/java/com/netflix/zuul/context/HttpResponseInfo.java@private headers : Headers,zuul-core/src/main/java/com/netflix/zuul/context/ZuulMessageImpl.java@protected headers : Headers,"[BlameRes(sha1='b2bb9c1495a1bf1d6dda3b6f7c5f2894c43d2db1', oline='6', file_name='zuul-core/src/main/java/com/netflix/zuul/context/HttpResponseInfo.java')]"
zuul,2,"('d63b05e83ea8d0a171d41a7082de3d7deead5214', 'cb3f37dd4355957ade32cfcc1d562ea4098594db')",Change Attribute Access Modifier,zuul-core/src/main/java/com/netflix/zuul/context/HttpResponseInfo.java@private headers : Headers,zuul-core/src/main/java/com/netflix/zuul/context/ZuulMessageImpl.java@protected headers : Headers,"[BlameRes(sha1='b2bb9c1495a1bf1d6dda3b6f7c5f2894c43d2db1', oline='6', file_name='zuul-core/src/main/java/com/netflix/zuul/context/HttpResponseInfo.java')]"
zuul,2,"('d63b05e83ea8d0a171d41a7082de3d7deead5214', 'cb3f37dd4355957ade32cfcc1d562ea4098594db')",Remove Attribute Modifier,zuul-core/src/main/java/com/netflix/zuul/context/HttpResponseInfo.java@private headers : Headers,zuul-core/src/main/java/com/netflix/zuul/context/ZuulMessageImpl.java@protected headers : Headers,"[BlameRes(sha1='b2bb9c1495a1bf1d6dda3b6f7c5f2894c43d2db1', oline='6', file_name='zuul-core/src/main/java/com/netflix/zuul/context/HttpResponseInfo.java')]"
zuul,2,"('d63b05e83ea8d0a171d41a7082de3d7deead5214', 'cb3f37dd4355957ade32cfcc1d562ea4098594db')",Move Method,zuul-core/src/main/java/com/netflix/zuul/context/HttpResponseInfo.java@public getHeaders() : Headers,zuul-core/src/main/java/com/netflix/zuul/context/HttpResponseMessageImpl.java@public getHeaders() : Headers,"[BlameRes(sha1='b2bb9c1495a1bf1d6dda3b6f7c5f2894c43d2db1', oline='19', file_name='zuul-core/src/main/java/com/netflix/zuul/context/HttpResponseInfo.java')]"
zuul,2,"('d63b05e83ea8d0a171d41a7082de3d7deead5214', 'cb3f37dd4355957ade32cfcc1d562ea4098594db')",Add Method Annotation,zuul-core/src/main/java/com/netflix/zuul/context/HttpResponseInfo.java@public getHeaders() : Headers,zuul-core/src/main/java/com/netflix/zuul/context/HttpResponseMessageImpl.java@@Override,"[BlameRes(sha1='b2bb9c1495a1bf1d6dda3b6f7c5f2894c43d2db1', oline='19', file_name='zuul-core/src/main/java/com/netflix/zuul/context/HttpResponseInfo.java')]"
zuul,2,"('d63b05e83ea8d0a171d41a7082de3d7deead5214', 'cb3f37dd4355957ade32cfcc1d562ea4098594db')",Move Method,zuul-core/src/main/java/com/netflix/zuul/context/HttpResponseInfo.java@public getStatus() : int,zuul-core/src/main/java/com/netflix/zuul/context/HttpResponseMessageImpl.java@public getStatus() : int,"[BlameRes(sha1='b2bb9c1495a1bf1d6dda3b6f7c5f2894c43d2db1', oline='14', file_name='zuul-core/src/main/java/com/netflix/zuul/context/HttpResponseInfo.java')]"
zuul,2,"('d63b05e83ea8d0a171d41a7082de3d7deead5214', 'cb3f37dd4355957ade32cfcc1d562ea4098594db')",Add Method Annotation,zuul-core/src/main/java/com/netflix/zuul/context/HttpResponseInfo.java@public getStatus() : int,zuul-core/src/main/java/com/netflix/zuul/context/HttpResponseMessageImpl.java@@Override,"[BlameRes(sha1='b2bb9c1495a1bf1d6dda3b6f7c5f2894c43d2db1', oline='14', file_name='zuul-core/src/main/java/com/netflix/zuul/context/HttpResponseInfo.java')]"
zuul,2,"('d63b05e83ea8d0a171d41a7082de3d7deead5214', 'cb3f37dd4355957ade32cfcc1d562ea4098594db')",Move Attribute,zuul-core/src/main/java/com/netflix/zuul/context/HttpResponseInfo.java@private status : int,zuul-core/src/main/java/com/netflix/zuul/context/HttpResponseMessageImpl.java@private status : int,"[BlameRes(sha1='b2bb9c1495a1bf1d6dda3b6f7c5f2894c43d2db1', oline='5', file_name='zuul-core/src/main/java/com/netflix/zuul/context/HttpResponseInfo.java')]"
zuul,2,"('d63b05e83ea8d0a171d41a7082de3d7deead5214', 'cb3f37dd4355957ade32cfcc1d562ea4098594db')",Remove Attribute Modifier,zuul-core/src/main/java/com/netflix/zuul/context/HttpResponseInfo.java@private status : int,zuul-core/src/main/java/com/netflix/zuul/context/HttpResponseMessageImpl.java@private status : int,"[BlameRes(sha1='b2bb9c1495a1bf1d6dda3b6f7c5f2894c43d2db1', oline='5', file_name='zuul-core/src/main/java/com/netflix/zuul/context/HttpResponseInfo.java')]"
zuul,2,"('d63b05e83ea8d0a171d41a7082de3d7deead5214', 'cb3f37dd4355957ade32cfcc1d562ea4098594db')",Add Parameter,zuul-core/src/main/java/com/netflix/zuul/context/HttpRequestMessage.java@public storeOriginalRequestInfo() : void,zuul-core/src/main/java/com/netflix/zuul/context/HttpRequestMessageImpl.java@clientIp : String,"[BlameRes(sha1='75b1c755f7a685fbd95aa8a57891b4e3f3ec9f29', oline='149', file_name='zuul-core/src/main/java/com/netflix/zuul/context/HttpRequestMessage.java')]"
zuul,2,"('d63b05e83ea8d0a171d41a7082de3d7deead5214', 'cb3f37dd4355957ade32cfcc1d562ea4098594db')",Add Parameter,zuul-core/src/main/java/com/netflix/zuul/context/HttpRequestMessage.java@public storeOriginalRequestInfo() : void,zuul-core/src/main/java/com/netflix/zuul/context/HttpRequestMessageImpl.java@serverName : String,"[BlameRes(sha1='75b1c755f7a685fbd95aa8a57891b4e3f3ec9f29', oline='149', file_name='zuul-core/src/main/java/com/netflix/zuul/context/HttpRequestMessage.java')]"
zuul,2,"('d63b05e83ea8d0a171d41a7082de3d7deead5214', 'cb3f37dd4355957ade32cfcc1d562ea4098594db')",Add Parameter,zuul-core/src/main/java/com/netflix/zuul/context/HttpRequestMessage.java@public storeOriginalRequestInfo() : void,zuul-core/src/main/java/com/netflix/zuul/context/HttpRequestMessageImpl.java@method : String,"[BlameRes(sha1='75b1c755f7a685fbd95aa8a57891b4e3f3ec9f29', oline='149', file_name='zuul-core/src/main/java/com/netflix/zuul/context/HttpRequestMessage.java')]"
zuul,2,"('d63b05e83ea8d0a171d41a7082de3d7deead5214', 'cb3f37dd4355957ade32cfcc1d562ea4098594db')",Add Parameter,zuul-core/src/main/java/com/netflix/zuul/context/HttpRequestMessage.java@public storeOriginalRequestInfo() : void,zuul-core/src/main/java/com/netflix/zuul/context/HttpRequestMessageImpl.java@path : String,"[BlameRes(sha1='75b1c755f7a685fbd95aa8a57891b4e3f3ec9f29', oline='149', file_name='zuul-core/src/main/java/com/netflix/zuul/context/HttpRequestMessage.java')]"
zuul,2,"('d63b05e83ea8d0a171d41a7082de3d7deead5214', 'cb3f37dd4355957ade32cfcc1d562ea4098594db')",Add Parameter,zuul-core/src/main/java/com/netflix/zuul/context/HttpRequestMessage.java@public storeOriginalRequestInfo() : void,zuul-core/src/main/java/com/netflix/zuul/context/HttpRequestMessageImpl.java@scheme : String,"[BlameRes(sha1='75b1c755f7a685fbd95aa8a57891b4e3f3ec9f29', oline='149', file_name='zuul-core/src/main/java/com/netflix/zuul/context/HttpRequestMessage.java')]"
zuul,2,"('d63b05e83ea8d0a171d41a7082de3d7deead5214', 'cb3f37dd4355957ade32cfcc1d562ea4098594db')",Add Parameter,zuul-core/src/main/java/com/netflix/zuul/context/HttpRequestMessage.java@public storeOriginalRequestInfo() : void,zuul-core/src/main/java/com/netflix/zuul/context/HttpRequestMessageImpl.java@protocol : String,"[BlameRes(sha1='75b1c755f7a685fbd95aa8a57891b4e3f3ec9f29', oline='149', file_name='zuul-core/src/main/java/com/netflix/zuul/context/HttpRequestMessage.java')]"
zuul,2,"('d63b05e83ea8d0a171d41a7082de3d7deead5214', 'cb3f37dd4355957ade32cfcc1d562ea4098594db')",Add Parameter,zuul-core/src/main/java/com/netflix/zuul/context/HttpRequestMessage.java@public storeOriginalRequestInfo() : void,zuul-core/src/main/java/com/netflix/zuul/context/HttpRequestMessageImpl.java@port : int,"[BlameRes(sha1='75b1c755f7a685fbd95aa8a57891b4e3f3ec9f29', oline='149', file_name='zuul-core/src/main/java/com/netflix/zuul/context/HttpRequestMessage.java')]"
zuul,2,"('d63b05e83ea8d0a171d41a7082de3d7deead5214', 'cb3f37dd4355957ade32cfcc1d562ea4098594db')",Push Down Method,"zuul-core/src/main/java/com/netflix/zuul/context/HttpResponseMessage.java@public HttpResponseMessage(context SessionContext, request HttpRequestMessage, defaultStatus int)","zuul-core/src/main/java/com/netflix/zuul/context/HttpResponseMessageImpl.java@public HttpResponseMessageImpl(context SessionContext, request HttpRequestMessage, defaultStatus int)","[BlameRes(sha1='d3d24f804469485eb33d57aa5f6d46de6f52e934', oline='8', file_name='zuul-core/src/main/java/com/netflix/zuul/context/HttpResponseMessage.java')]"
zuul,2,"('d63b05e83ea8d0a171d41a7082de3d7deead5214', 'cb3f37dd4355957ade32cfcc1d562ea4098594db')",Push Down Method,"zuul-core/src/main/java/com/netflix/zuul/context/HttpResponseMessage.java@public HttpResponseMessage(context SessionContext, headers Headers, request HttpRequestMessage, status int)","zuul-core/src/main/java/com/netflix/zuul/context/HttpResponseMessageImpl.java@public HttpResponseMessageImpl(context SessionContext, headers Headers, request HttpRequestMessage, status int)","[BlameRes(sha1='d3d24f804469485eb33d57aa5f6d46de6f52e934', oline='15', file_name='zuul-core/src/main/java/com/netflix/zuul/context/HttpResponseMessage.java')]"
zuul,2,"('d63b05e83ea8d0a171d41a7082de3d7deead5214', 'cb3f37dd4355957ade32cfcc1d562ea4098594db')",Add Parameter,zuul-core/src/main/java/com/netflix/zuul/context/HttpResponseMessage.java@public storeOriginalResponseInfo() : void,zuul-core/src/main/java/com/netflix/zuul/context/HttpResponseMessageImpl.java@status : int,"[BlameRes(sha1='b2bb9c1495a1bf1d6dda3b6f7c5f2894c43d2db1', oline='109', file_name='zuul-core/src/main/java/com/netflix/zuul/context/HttpResponseMessage.java')]"
zuul,2,"('d63b05e83ea8d0a171d41a7082de3d7deead5214', 'cb3f37dd4355957ade32cfcc1d562ea4098594db')",Remove Parameter,zuul-core/src/main/java/com/netflix/zuul/context/ZuulMessage.java@headers : Headers,zuul-core/src/main/java/com/netflix/zuul/context/ZuulMessageImpl.java@public ZuulMessageImpl(context SessionContext),"[BlameRes(sha1='d3d24f804469485eb33d57aa5f6d46de6f52e934', oline='14', file_name='zuul-core/src/main/java/com/netflix/zuul/context/ZuulMessage.java')]"
zuul,2,"('9c6ed6d0b95b0293bc978c7f31832e1cef6179ee', '79163dbfb5e4e38a95678a3295255cb52be86139')",Move And Inline Method,zuul-core/src/main/java/com/netflix/zuul/context/ZuulMessage.java@public getAttributes() : Attributes,zuul-core/src/main/java/com/netflix/zuul/FilterProcessor.java@public applyEndpointFilter(chain Observable<ZuulMessage>) : Observable<ZuulMessage>,"[BlameRes(sha1='d3d24f804469485eb33d57aa5f6d46de6f52e934', oline='28', file_name='zuul-core/src/main/java/com/netflix/zuul/context/ZuulMessage.java')]"
zuul,2,"('a74099c4107dfb7258e13776a0ea324dfa8f67a5', '1240ebc83afd39e7dbc8f654a60b9f3df4c34144')",Move Class,zuul-servlet-api/src/main/java/com/netflix/zuul/http/HttpServletResponseWrapper.java@com.netflix.zuul.http.HttpServletResponseWrapper,zuul-servlet-api/src/main/java/com/netflix/zuul/servlet/HttpServletResponseWrapper.java@com.netflix.zuul.servlet.HttpServletResponseWrapper,"[BlameRes(sha1='e7f0ef70b34f22ee16cb7d1207a23f287d598afa', oline='5', file_name='zuul-core/src/main/java/com/netflix/zuul/http/HttpServletResponseWrapper.java')]"
zuul,2,"('a74099c4107dfb7258e13776a0ea324dfa8f67a5', '1240ebc83afd39e7dbc8f654a60b9f3df4c34144')",Merge Package,zuul-servlet-api/src/main/java/com/netflix/zuul/http/HttpServletResponseWrapper.java@com.netflix.zuul.http.HttpServletResponseWrapper,zuul-servlet-api/src/main/java/com/netflix/zuul/servlet/HttpServletResponseWrapper.java@com.netflix.zuul.servlet.HttpServletResponseWrapper,"[BlameRes(sha1='e7f0ef70b34f22ee16cb7d1207a23f287d598afa', oline='5', file_name='zuul-core/src/main/java/com/netflix/zuul/http/HttpServletResponseWrapper.java')]"
zuul,2,"('593217a40bdd64946c590fe72a3a1a5374aaa43e', '1afe7c29da5e33cab2738759d0194fd0b4f9dae9')",Add Method Annotation,"zuul-core/src/main/java/com/netflix/zuul/FilterProcessor.java@public notifyUsage(filter ZuulFilter, status ExecutionStatus) : void",zuul-core/src/main/java/com/netflix/zuul/FilterProcessor.java@@Override,"[BlameRes(sha1='431711fd58af81826bce6c268492babd0e63397d', oline='155', file_name='zuul-core/src/main/java/com/netflix/zuul/FilterProcessor.java')]"
zuul,2,"('593217a40bdd64946c590fe72a3a1a5374aaa43e', '1afe7c29da5e33cab2738759d0194fd0b4f9dae9')",Move And Rename Method,"zuul-core/src/main/java/com/netflix/zuul/FilterProcessor.java@public notifyUsage(filter ZuulFilter, status ExecutionStatus) : void","zuul-core/src/main/java/com/netflix/zuul/FilterProcessor.java@public notify(filter ZuulFilter, status ExecutionStatus) : void","[BlameRes(sha1='431711fd58af81826bce6c268492babd0e63397d', oline='155', file_name='zuul-core/src/main/java/com/netflix/zuul/FilterProcessor.java')]"
zuul,2,"('7e90aa76fcf942fbff2aa030e7cfff51082a209d', '6fef98046c64a9fb267b49aff1ef08e18650ece7')",Extract Variable,zuul-core/src/main/java/com/netflix/zuul/passport/CurrentPassport.java@,zuul-core/src/main/java/com/netflix/zuul/passport/CurrentPassport.java@ownerStack : String,"[BlameRes(sha1='cabc46e0dccb1f1062bcae3c1e313b4acc8f0bcf', oline='68', file_name='zuul-core/src/main/java/com/netflix/zuul/passport/CurrentPassport.java')]"
zuul,2,"('c33be8b86be6c6361a30e9a581d8c18c3187f2cb', 'bd22c0ad49a92b42ae8bf8d17606bfdb85b392fe')",Push Down Method,"zuul-core/src/main/java/io/netty/handler/codec/http2/Http2FrameLogger.java@public logPing(direction Direction, ctx ChannelHandlerContext, data ByteBuf) : void","zuul-core/src/main/java/com/netflix/netty/common/http2/DynamicHttp2FrameLogger.java@public logPing(direction Direction, ctx ChannelHandlerContext, data long) : void","[BlameRes(sha1='9c4a95328d12b6ca33314557017d0a5efef34485', oline='100', file_name='zuul-core/src/main/java/io/netty/handler/codec/http2/Http2FrameLogger.java')]"
zuul,2,"('c33be8b86be6c6361a30e9a581d8c18c3187f2cb', 'bd22c0ad49a92b42ae8bf8d17606bfdb85b392fe')",Push Down Method,"zuul-core/src/main/java/io/netty/handler/codec/http2/Http2FrameLogger.java@public logPingAck(direction Direction, ctx ChannelHandlerContext, data ByteBuf) : void","zuul-core/src/main/java/com/netflix/netty/common/http2/DynamicHttp2FrameLogger.java@public logPingAck(direction Direction, ctx ChannelHandlerContext, data long) : void","[BlameRes(sha1='9c4a95328d12b6ca33314557017d0a5efef34485', oline='107', file_name='zuul-core/src/main/java/io/netty/handler/codec/http2/Http2FrameLogger.java')]"
zuul,2,"('df6aba2488383539cb75ed014288a51cf741060f', '227eb7eea762ab4364d28a9ccd91bf2afe97f6bd')",Extract Method,zuul-core/src/main/java/com/netflix/zuul/FilterProcessor.java@public applyFilterChain(msg ZuulMessage) : Observable<ZuulMessage>,"zuul-core/src/main/java/com/netflix/zuul/FilterProcessorImpl.java@protected chainFilters(msg ZuulMessage, filterChainIterator Iterator<ZuulFilter>, phase String) : Observable<ZuulMessage>","[BlameRes(sha1='8a4941e64e795af76cbf3884adcdbcf2e32ccc84', oline='43', file_name='zuul-core/src/main/java/com/netflix/zuul/FilterProcessor.java')]"
zuul,2,"('df6aba2488383539cb75ed014288a51cf741060f', '227eb7eea762ab4364d28a9ccd91bf2afe97f6bd')",Extract Variable,zuul-core/src/main/java/com/netflix/zuul/FilterProcessor.java@,zuul-core/src/main/java/com/netflix/zuul/FilterProcessorImpl.java@input : ZuulMessage,"[BlameRes(sha1='6168fbf73dc73cdeb12478ef039c11d08e0d9f65', oline='205', file_name='zuul-core/src/main/java/com/netflix/zuul/FilterProcessor.java')]"
zuul,2,"('df6aba2488383539cb75ed014288a51cf741060f', '227eb7eea762ab4364d28a9ccd91bf2afe97f6bd')",Add Parameter,"zuul-core/src/main/java/com/netflix/zuul/ExperimentalFilterProcessor2.java@public chainFilters(msg ZuulMessage, filterChainIterator Iterator<ZuulFilter>) : Observable<ZuulMessage>",zuul-core/src/main/java/com/netflix/zuul/FilterProcessorImpl.java@phase : String,"[BlameRes(sha1='8a4941e64e795af76cbf3884adcdbcf2e32ccc84', oline='43', file_name='zuul-core/src/main/java/com/netflix/zuul/ExperimentalFilterProcessor2.java')]"
zuul,2,"('df6aba2488383539cb75ed014288a51cf741060f', '227eb7eea762ab4364d28a9ccd91bf2afe97f6bd')",Move Method,"zuul-core/src/main/java/com/netflix/zuul/ExperimentalFilterProcessor2.java@public chainFilters(msg ZuulMessage, filterChainIterator Iterator<ZuulFilter>) : Observable<ZuulMessage>","zuul-core/src/main/java/com/netflix/zuul/FilterProcessorImpl.java@protected chainFilters(msg ZuulMessage, filterChainIterator Iterator<ZuulFilter>, phase String) : Observable<ZuulMessage>","[BlameRes(sha1='8a4941e64e795af76cbf3884adcdbcf2e32ccc84', oline='43', file_name='zuul-core/src/main/java/com/netflix/zuul/ExperimentalFilterProcessor2.java')]"
zuul,2,"('df6aba2488383539cb75ed014288a51cf741060f', '227eb7eea762ab4364d28a9ccd91bf2afe97f6bd')",Extract Variable,zuul-core/src/main/java/com/netflix/zuul/ExperimentalFilterProcessor2.java@,zuul-core/src/main/java/com/netflix/zuul/FilterProcessorImpl.java@input : ZuulMessage,"[BlameRes(sha1='8a4941e64e795af76cbf3884adcdbcf2e32ccc84', oline='90', file_name='zuul-core/src/main/java/com/netflix/zuul/ExperimentalFilterProcessor2.java')]"
zuul,2,"('7260634d98f82bb19172301767524592f4933419', 'd63b05e83ea8d0a171d41a7082de3d7deead5214')",Rename Method,zuul-core/src/main/java/com/netflix/zuul/context/HttpResponseMessage.java@public getRequest() : HttpRequestMessage,zuul-core/src/main/java/com/netflix/zuul/context/HttpResponseMessage.java@public getOutboundRequest() : HttpRequestMessage,"[BlameRes(sha1='cb3f37dd4355957ade32cfcc1d562ea4098594db', oline='9', file_name='zuul-core/src/main/java/com/netflix/zuul/context/HttpResponseMessage.java')]"
zuul,2,"('7260634d98f82bb19172301767524592f4933419', 'd63b05e83ea8d0a171d41a7082de3d7deead5214')",Rename Method,zuul-core/src/main/java/com/netflix/zuul/context/HttpResponseMessage.java@public getOriginalResponseInfo() : HttpResponseInfo,zuul-core/src/main/java/com/netflix/zuul/context/HttpResponseMessage.java@public getInboundResponse() : HttpResponseInfo,"[BlameRes(sha1='cb3f37dd4355957ade32cfcc1d562ea4098594db', oline='35', file_name='zuul-core/src/main/java/com/netflix/zuul/context/HttpResponseMessage.java')]"
zuul,2,"('1240ebc83afd39e7dbc8f654a60b9f3df4c34144', '25ac22d9508f470d956e450a4cf2e78cafacbf0e')",Move And Rename Class,zuul-servlet-api/src/main/java/com/netflix/zuul/http/HttpServletResponseWrapper.java@com.netflix.zuul.http.HttpServletResponseWrapper,zuul-core/src/main/java/com/netflix/zuul/context/HttpResponseMessage.java@com.netflix.zuul.context.HttpResponseMessage,"[BlameRes(sha1='e7f0ef70b34f22ee16cb7d1207a23f287d598afa', oline='5', file_name='zuul-core/src/main/java/com/netflix/zuul/http/HttpServletResponseWrapper.java')]"
zuul,2,"('1240ebc83afd39e7dbc8f654a60b9f3df4c34144', '25ac22d9508f470d956e450a4cf2e78cafacbf0e')",Rename Package,zuul-servlet-api/src/main/java/com/netflix/zuul/http/HttpServletResponseWrapper.java@com.netflix.zuul.http.HttpServletResponseWrapper,zuul-core/src/main/java/com/netflix/zuul/context/HttpResponseMessage.java@com.netflix.zuul.context.HttpResponseMessage,"[BlameRes(sha1='e7f0ef70b34f22ee16cb7d1207a23f287d598afa', oline='5', file_name='zuul-core/src/main/java/com/netflix/zuul/http/HttpServletResponseWrapper.java')]"
zuul,2,"('1240ebc83afd39e7dbc8f654a60b9f3df4c34144', '25ac22d9508f470d956e450a4cf2e78cafacbf0e')",Merge Package,zuul-servlet-api/src/main/java/com/netflix/zuul/filters/ZuulServletFilter.java@com.netflix.zuul.filters.ZuulServletFilter,zuul-servlet-api/src/main/java/com/netflix/zuul/servlet/ZuulServletFilter.java@com.netflix.zuul.servlet.ZuulServletFilter,"[BlameRes(sha1='a63168890a702e087c7c394d23abb09fa5c601ee', oline='24', file_name='zuul-core/src/main/java/com/netflix/zuul/filters/ZuulServletFilter.java')]"
zuul,2,"('1240ebc83afd39e7dbc8f654a60b9f3df4c34144', '25ac22d9508f470d956e450a4cf2e78cafacbf0e')",Rename Parameter,zuul-servlet-api/src/main/java/com/netflix/zuul/http/HttpServletResponseWrapper.java@sc : int,zuul-core/src/main/java/com/netflix/zuul/context/HttpResponseMessage.java@status : int,"[BlameRes(sha1='e7f0ef70b34f22ee16cb7d1207a23f287d598afa', oline='13', file_name='zuul-core/src/main/java/com/netflix/zuul/http/HttpServletResponseWrapper.java')]"
zuul,2,"('1240ebc83afd39e7dbc8f654a60b9f3df4c34144', '25ac22d9508f470d956e450a4cf2e78cafacbf0e')",Remove Method Annotation,zuul-servlet-api/src/main/java/com/netflix/zuul/http/HttpServletResponseWrapper.java@@Override,zuul-core/src/main/java/com/netflix/zuul/context/HttpResponseMessage.java@public setStatus(status int) : void,"[BlameRes(sha1='e7f0ef70b34f22ee16cb7d1207a23f287d598afa', oline='12', file_name='zuul-core/src/main/java/com/netflix/zuul/http/HttpServletResponseWrapper.java')]"
zuul,2,"('1240ebc83afd39e7dbc8f654a60b9f3df4c34144', '25ac22d9508f470d956e450a4cf2e78cafacbf0e')",Extract Superclass,zuul-servlet-api/src/main/java/com/netflix/zuul/http/HttpServletResponseWrapper.java@com.netflix.zuul.http.HttpServletResponseWrapper,zuul-core/src/main/java/com/netflix/zuul/context/HttpResponseMessage.java@com.netflix.zuul.context.HttpResponseMessage,"[BlameRes(sha1='e7f0ef70b34f22ee16cb7d1207a23f287d598afa', oline='5', file_name='zuul-core/src/main/java/com/netflix/zuul/http/HttpServletResponseWrapper.java')]"
zuul,3,"('ec3ac70d1931bb819ea8c5c42716c5ef1807f75b', 'b8cfd299ae952168ea51181c92df46874c377fbb', 'ee60b3ae84685cdd76890a45698f88ded7d28d03')",Merge Parameter,zuul-core/src/main/java/com/netflix/zuul/netty/connectionpool/DefaultClientChannelManager.java@originServer : OriginServer,zuul-core/src/main/java/com/netflix/zuul/netty/connectionpool/DefaultClientChannelManager.java@discoveryResult : DiscoveryResult,"[BlameRes(sha1='e6a2c4f7b64f76d478b6ebfe02b8a3a5f078598b', oline='338', file_name='zuul-core/src/main/java/com/netflix/zuul/netty/connectionpool/DefaultClientChannelManager.java')]"
zuul,3,"('ec3ac70d1931bb819ea8c5c42716c5ef1807f75b', 'b8cfd299ae952168ea51181c92df46874c377fbb', 'ee60b3ae84685cdd76890a45698f88ded7d28d03')",Change Variable Type,zuul-core/src/main/java/com/netflix/zuul/niws/RequestAttempt.java@instanceInfo : InstanceInfo,zuul-core/src/main/java/com/netflix/zuul/niws/RequestAttempt.java@server : DiscoveryResult,"[BlameRes(sha1='467a28c1b39634976147a64c2a37a1bc09bc1d2d', oline='93', file_name='zuul-core/src/main/java/com/netflix/zuul/niws/RequestAttempt.java')]"
zuul,3,"('ec3ac70d1931bb819ea8c5c42716c5ef1807f75b', 'b8cfd299ae952168ea51181c92df46874c377fbb', 'ee60b3ae84685cdd76890a45698f88ded7d28d03')",Add Parameter Modifier,zuul-core/src/main/java/com/netflix/zuul/niws/RequestAttempt.java@instanceInfo : InstanceInfo,zuul-core/src/main/java/com/netflix/zuul/niws/RequestAttempt.java@server : DiscoveryResult,"[BlameRes(sha1='467a28c1b39634976147a64c2a37a1bc09bc1d2d', oline='93', file_name='zuul-core/src/main/java/com/netflix/zuul/niws/RequestAttempt.java')]"
zuul,3,"('ec3ac70d1931bb819ea8c5c42716c5ef1807f75b', 'b8cfd299ae952168ea51181c92df46874c377fbb', 'ee60b3ae84685cdd76890a45698f88ded7d28d03')",Parameterize Variable,zuul-core/src/main/java/com/netflix/zuul/niws/RequestAttempt.java@instanceInfo : InstanceInfo,zuul-core/src/main/java/com/netflix/zuul/niws/RequestAttempt.java@server : DiscoveryResult,"[BlameRes(sha1='467a28c1b39634976147a64c2a37a1bc09bc1d2d', oline='93', file_name='zuul-core/src/main/java/com/netflix/zuul/niws/RequestAttempt.java')]"
zuul,3,"('f8ee2a206e6b97a39b25281b0a6b98dcd63b6ffa', 'f73b86d325f11deb15ef923bf58c5d60821ee938', '47b7edc48fad2da9628d13e52d37f0a3213e76d2')",Change Method Access Modifier,"zuul-core/src/main/java/com/netflix/zuul/FilterProcessor.java@public processZuulFilter(ctx SessionContext, filter ZuulFilter) : SessionContext","zuul-core/src/main/java/com/netflix/zuul/FilterProcessor.java@protected processFilterWithSyncType(input Observable<SessionContext>, filter ZuulFilter, additionalShouldFilter ShouldFilter, syncType String) : Observable<SessionContext>","[BlameRes(sha1='1240ebc83afd39e7dbc8f654a60b9f3df4c34144', oline='104', file_name='zuul-core/src/main/java/com/netflix/zuul/FilterProcessor.java')]"
zuul,3,"('f8ee2a206e6b97a39b25281b0a6b98dcd63b6ffa', 'f73b86d325f11deb15ef923bf58c5d60821ee938', '47b7edc48fad2da9628d13e52d37f0a3213e76d2')",Move Attribute,zuul-core/src/main/java/com/netflix/zuul/FilterProcessor.java@protected logger : Logger,zuul-netty/src/main/java/com/netflix/zuul/accesslog/AccessLogPublisher.java@private logger : Logger,"[BlameRes(sha1='a63168890a702e087c7c394d23abb09fa5c601ee', oline='26', file_name='zuul-core/src/main/java/com/netflix/zuul/FilterProcessor.java')]"
zuul,3,"('f8ee2a206e6b97a39b25281b0a6b98dcd63b6ffa', 'f73b86d325f11deb15ef923bf58c5d60821ee938', '47b7edc48fad2da9628d13e52d37f0a3213e76d2')",Change Attribute Access Modifier,zuul-core/src/main/java/com/netflix/zuul/FilterProcessor.java@protected logger : Logger,zuul-netty/src/main/java/com/netflix/zuul/accesslog/AccessLogPublisher.java@private logger : Logger,"[BlameRes(sha1='a63168890a702e087c7c394d23abb09fa5c601ee', oline='26', file_name='zuul-core/src/main/java/com/netflix/zuul/FilterProcessor.java')]"
zuul,3,"('a74099c4107dfb7258e13776a0ea324dfa8f67a5', '1240ebc83afd39e7dbc8f654a60b9f3df4c34144', '25ac22d9508f470d956e450a4cf2e78cafacbf0e')",Move Class,zuul-servlet-api/src/main/java/com/netflix/zuul/ZuulRunner.java@com.netflix.zuul.ZuulRunner.UnitTest,zuul-servlet-api/src/main/java/com/netflix/zuul/servlet/ZuulServletFilter.java@com.netflix.zuul.servlet.ZuulServletFilter.UnitTest,"[BlameRes(sha1='a63168890a702e087c7c394d23abb09fa5c601ee', oline='49', file_name='zuul-core/src/main/java/com/netflix/zuul/ZuulRunner.java')]"
zuul,3,"('a74099c4107dfb7258e13776a0ea324dfa8f67a5', '1240ebc83afd39e7dbc8f654a60b9f3df4c34144', '25ac22d9508f470d956e450a4cf2e78cafacbf0e')",Change Attribute Type,zuul-servlet-api/src/main/java/com/netflix/zuul/ZuulRunner.java@filter : ZuulFilter,zuul-servlet-api/src/main/java/com/netflix/zuul/servlet/ZuulServletFilter.java@filter : ZuulServletFilter,"[BlameRes(sha1='a63168890a702e087c7c394d23abb09fa5c601ee', oline='53', file_name='zuul-core/src/main/java/com/netflix/zuul/ZuulRunner.java')]"
zuul,3,"('a74099c4107dfb7258e13776a0ea324dfa8f67a5', '1240ebc83afd39e7dbc8f654a60b9f3df4c34144', '25ac22d9508f470d956e450a4cf2e78cafacbf0e')",Remove Attribute Annotation,zuul-servlet-api/src/main/java/com/netflix/zuul/ZuulRunner.java@@Mock,zuul-servlet-api/src/main/java/com/netflix/zuul/servlet/ZuulServletFilter.java@package filter : ZuulServletFilter,"[BlameRes(sha1='a63168890a702e087c7c394d23abb09fa5c601ee', oline='52', file_name='zuul-core/src/main/java/com/netflix/zuul/ZuulRunner.java')]"
zuul,3,"('a74099c4107dfb7258e13776a0ea324dfa8f67a5', '1240ebc83afd39e7dbc8f654a60b9f3df4c34144', '25ac22d9508f470d956e450a4cf2e78cafacbf0e')",Add Thrown Exception Type,zuul-servlet-api/src/main/java/com/netflix/zuul/ZuulRunner.java@public before() : void,zuul-servlet-api/src/main/java/com/netflix/zuul/servlet/ZuulServletFilter.java@Exception,"[BlameRes(sha1='a63168890a702e087c7c394d23abb09fa5c601ee', oline='68', file_name='zuul-core/src/main/java/com/netflix/zuul/ZuulRunner.java')]"
zuul,3,"('a74099c4107dfb7258e13776a0ea324dfa8f67a5', '1240ebc83afd39e7dbc8f654a60b9f3df4c34144', '25ac22d9508f470d956e450a4cf2e78cafacbf0e')",Rename Attribute,zuul-servlet-api/src/main/java/com/netflix/zuul/ZuulRunner.java@processor : FilterProcessor,zuul-servlet-api/src/main/java/com/netflix/zuul/servlet/ZuulServletFilter.java@zuulRunner : ZuulRunner,"[BlameRes(sha1='a63168890a702e087c7c394d23abb09fa5c601ee', oline='62', file_name='zuul-core/src/main/java/com/netflix/zuul/ZuulRunner.java')]"
zuul,3,"('a74099c4107dfb7258e13776a0ea324dfa8f67a5', '1240ebc83afd39e7dbc8f654a60b9f3df4c34144', '25ac22d9508f470d956e450a4cf2e78cafacbf0e')",Change Attribute Type,zuul-servlet-api/src/main/java/com/netflix/zuul/ZuulRunner.java@processor : FilterProcessor,zuul-servlet-api/src/main/java/com/netflix/zuul/servlet/ZuulServletFilter.java@zuulRunner : ZuulRunner,"[BlameRes(sha1='a63168890a702e087c7c394d23abb09fa5c601ee', oline='62', file_name='zuul-core/src/main/java/com/netflix/zuul/ZuulRunner.java')]"
zuul,3,"('1db22db53945891ac5a0709203e345d7353c0291', 'df6aba2488383539cb75ed014288a51cf741060f', '227eb7eea762ab4364d28a9ccd91bf2afe97f6bd')",Move Method,"zuul-core/src/main/java/com/netflix/zuul/FilterProcessor.java@protected applyFilterPhase(chain Observable<ZuulMessage>, filterType String, shouldSendErrorResponse boolean) : Observable<ZuulMessage>","zuul-core/src/main/java/com/netflix/zuul/OriginalFilterProcessorImpl.java@protected applyFilterPhase(chain Observable<ZuulMessage>, filterType FilterType, defaultFilterResultChooser Func1<ZuulMessage,ZuulMessage>) : Observable<ZuulMessage>","[BlameRes(sha1='465a450e94c8e8d266a3364f8949b0dae35fc173', oline='159', file_name='zuul-core/src/main/java/com/netflix/zuul/FilterProcessor.java')]"
zuul,3,"('b0d2ee8dce4c10f4fe2f5c61b45295b5f198d839', 'a74099c4107dfb7258e13776a0ea324dfa8f67a5', '1240ebc83afd39e7dbc8f654a60b9f3df4c34144')",Move Class,zuul-servlet-api/src/main/java/com/netflix/zuul/filters/ZuulServletFilter.java@com.netflix.zuul.filters.ZuulServletFilter.UnitTest,zuul-servlet-api/src/main/java/com/netflix/zuul/servlet/ZuulServlet.java@com.netflix.zuul.servlet.ZuulServlet.UnitTest,"[BlameRes(sha1='a63168890a702e087c7c394d23abb09fa5c601ee', oline='91', file_name='zuul-core/src/main/java/com/netflix/zuul/filters/ZuulServletFilter.java')]"
zuul,3,"('b0d2ee8dce4c10f4fe2f5c61b45295b5f198d839', 'a74099c4107dfb7258e13776a0ea324dfa8f67a5', '1240ebc83afd39e7dbc8f654a60b9f3df4c34144')",Extract Class,zuul-servlet-api/src/main/java/com/netflix/zuul/filters/ZuulServletFilter.java@com.netflix.zuul.filters.ZuulServletFilter.UnitTest,zuul-servlet-api/src/main/java/com/netflix/zuul/servlet/ZuulServlet.java@com.netflix.zuul.servlet.ZuulServlet.UnitTest,"[BlameRes(sha1='a63168890a702e087c7c394d23abb09fa5c601ee', oline='91', file_name='zuul-core/src/main/java/com/netflix/zuul/filters/ZuulServletFilter.java')]"
zuul,3,"('b0d2ee8dce4c10f4fe2f5c61b45295b5f198d839', 'a74099c4107dfb7258e13776a0ea324dfa8f67a5', '1240ebc83afd39e7dbc8f654a60b9f3df4c34144')",Move Method,zuul-servlet-api/src/main/java/com/netflix/zuul/filters/ZuulServletFilter.java@public testRoutingException() : void,zuul-servlet-api/src/main/java/com/netflix/zuul/servlet/ZuulServletFilter.java@public testRoutingException() : void,"[BlameRes(sha1='a63168890a702e087c7c394d23abb09fa5c601ee', oline='112', file_name='zuul-core/src/main/java/com/netflix/zuul/filters/ZuulServletFilter.java')]"
zuul,3,"('b0d2ee8dce4c10f4fe2f5c61b45295b5f198d839', 'a74099c4107dfb7258e13776a0ea324dfa8f67a5', '1240ebc83afd39e7dbc8f654a60b9f3df4c34144')",Move Method,zuul-servlet-api/src/main/java/com/netflix/zuul/filters/ZuulServletFilter.java@public testPreException() : void,zuul-servlet-api/src/main/java/com/netflix/zuul/servlet/ZuulServletFilter.java@public testPreException() : void,"[BlameRes(sha1='a63168890a702e087c7c394d23abb09fa5c601ee', oline='139', file_name='zuul-core/src/main/java/com/netflix/zuul/filters/ZuulServletFilter.java')]"
zuul,3,"('b0d2ee8dce4c10f4fe2f5c61b45295b5f198d839', 'a74099c4107dfb7258e13776a0ea324dfa8f67a5', '1240ebc83afd39e7dbc8f654a60b9f3df4c34144')",Move Method,zuul-servlet-api/src/main/java/com/netflix/zuul/filters/ZuulServletFilter.java@public testPostException() : void,zuul-servlet-api/src/main/java/com/netflix/zuul/servlet/ZuulServletFilter.java@public testPostException() : void,"[BlameRes(sha1='a63168890a702e087c7c394d23abb09fa5c601ee', oline='168', file_name='zuul-core/src/main/java/com/netflix/zuul/filters/ZuulServletFilter.java')]"
zuul,4,"('938ac9e6a116bb82de7b2e4d5f5ef449be547864', 'daf482b379aa9e3ed111dfbc7e6f2d2e08870c36', '3b007f3311de8a48af613666e92fa252c29a6b6e', '113bc3ce9e9a30aeed4bf74c3e6db7140e81f1f5')",Remove Parameter,zuul-core/src/main/java/com/netflix/netty/common/Http2ConnectionCloseHandler.java@gracefulCloseDelay : int,zuul-core/src/main/java/com/netflix/netty/common/Http2ConnectionCloseHandler.java@public Http2ConnectionCloseHandler(registry Registry),"[BlameRes(sha1='6451a0749f91dd03e7f6ce90108040416beaa6c7', oline='40', file_name='zuul-core/src/main/java/com/netflix/netty/common/Http2ConnectionCloseHandler.java')]"
zuul,4,"('938ac9e6a116bb82de7b2e4d5f5ef449be547864', 'daf482b379aa9e3ed111dfbc7e6f2d2e08870c36', '3b007f3311de8a48af613666e92fa252c29a6b6e', '113bc3ce9e9a30aeed4bf74c3e6db7140e81f1f5')",Add Method Annotation,"zuul-core/src/main/java/com/netflix/netty/common/Http2ConnectionCloseHandler.java@public Http2ConnectionCloseHandler(gracefulCloseDelay int, registry Registry)",zuul-core/src/main/java/com/netflix/netty/common/Http2ConnectionCloseHandler.java@@Inject,"[BlameRes(sha1='6451a0749f91dd03e7f6ce90108040416beaa6c7', oline='40', file_name='zuul-core/src/main/java/com/netflix/netty/common/Http2ConnectionCloseHandler.java')]"
zuul,4,"('938ac9e6a116bb82de7b2e4d5f5ef449be547864', 'daf482b379aa9e3ed111dfbc7e6f2d2e08870c36', '3b007f3311de8a48af613666e92fa252c29a6b6e', '113bc3ce9e9a30aeed4bf74c3e6db7140e81f1f5')",Rename Attribute,zuul-core/src/main/java/com/netflix/netty/common/Http2ConnectionCloseHandler.java@gracefulCloseDelay : int,zuul-core/src/main/java/com/netflix/netty/common/Http2ConnectionCloseHandler.java@counterBaseId : Id,"[BlameRes(sha1='9c4a95328d12b6ca33314557017d0a5efef34485', oline='27', file_name='zuul-core/src/main/java/com/netflix/netty/common/Http2ConnectionCloseHandler.java')]"
zuul,4,"('938ac9e6a116bb82de7b2e4d5f5ef449be547864', 'daf482b379aa9e3ed111dfbc7e6f2d2e08870c36', '3b007f3311de8a48af613666e92fa252c29a6b6e', '113bc3ce9e9a30aeed4bf74c3e6db7140e81f1f5')",Change Attribute Type,zuul-core/src/main/java/com/netflix/netty/common/Http2ConnectionCloseHandler.java@gracefulCloseDelay : int,zuul-core/src/main/java/com/netflix/netty/common/Http2ConnectionCloseHandler.java@counterBaseId : Id,"[BlameRes(sha1='9c4a95328d12b6ca33314557017d0a5efef34485', oline='27', file_name='zuul-core/src/main/java/com/netflix/netty/common/Http2ConnectionCloseHandler.java')]"
zuul,4,"('e4b6aa5132f8ac7327f3240d84c3c904000c7138', '4c784ab4e13e938803063c916d2212093a936d66', '9505a319cdb6553ed36bef5143a8da8890694386', '2414a51be9ff6e09d645a2846c263d61fe81bebe')",Move Attribute,zuul-core/src/main/java/com/netflix/netty/common/CloseOnIdleStateHandler.java@private registry : Registry,zuul-core/src/test/java/com/netflix/netty/common/throttle/MaxInboundConnectionsHandlerTest.java@private registry : Registry,"[BlameRes(sha1='ab73742712b63ee591cb0f072d3a920519608817', oline='11', file_name='zuul-core/src/main/java/com/netflix/netty/common/CloseOnIdleStateHandler.java')]"
zuul,4,"('e4b6aa5132f8ac7327f3240d84c3c904000c7138', '4c784ab4e13e938803063c916d2212093a936d66', '9505a319cdb6553ed36bef5143a8da8890694386', '2414a51be9ff6e09d645a2846c263d61fe81bebe')",Remove Attribute Modifier,zuul-core/src/main/java/com/netflix/netty/common/CloseOnIdleStateHandler.java@private registry : Registry,zuul-core/src/test/java/com/netflix/netty/common/throttle/MaxInboundConnectionsHandlerTest.java@private registry : Registry,"[BlameRes(sha1='ab73742712b63ee591cb0f072d3a920519608817', oline='11', file_name='zuul-core/src/main/java/com/netflix/netty/common/CloseOnIdleStateHandler.java')]"
zuul,4,"('e4b6aa5132f8ac7327f3240d84c3c904000c7138', '4c784ab4e13e938803063c916d2212093a936d66', '9505a319cdb6553ed36bef5143a8da8890694386', '2414a51be9ff6e09d645a2846c263d61fe81bebe')",Add Attribute Annotation,zuul-core/src/main/java/com/netflix/netty/common/CloseOnIdleStateHandler.java@private registry : Registry,zuul-core/src/test/java/com/netflix/netty/common/throttle/MaxInboundConnectionsHandlerTest.java@@Mock,"[BlameRes(sha1='ab73742712b63ee591cb0f072d3a920519608817', oline='11', file_name='zuul-core/src/main/java/com/netflix/netty/common/CloseOnIdleStateHandler.java')]"
zuul,4,"('32c6b059dda303b0c543e760cd6672a573b929de', '38e8730016b518c915616b2196aa118fe0f58e68', '15633783f24ffa3f7908f8153ebe95d7a919f25f', 'f4912e53f7541fb8ca764e1a0772fac356e1673a')",Change Attribute Access Modifier,zuul-core/src/main/java/com/netflix/zuul/scriptManager/FilterVerifier.java@package sGoodGroovyScriptFilter : String,zuul-core/src/test/java/com/netflix/zuul/scriptManager/FilterVerifierTest.java@private sGoodGroovyScriptFilter : String,"[BlameRes(sha1='487191370c5e3f55091d3a28de0e364a7e31fc19', oline='50', file_name='zuul-core/src/main/java/com/netflix/zuul/scriptManager/FilterVerifier.java')]"
zuul,4,"('32c6b059dda303b0c543e760cd6672a573b929de', '38e8730016b518c915616b2196aa118fe0f58e68', '15633783f24ffa3f7908f8153ebe95d7a919f25f', 'f4912e53f7541fb8ca764e1a0772fac356e1673a')",Add Attribute Modifier,zuul-core/src/main/java/com/netflix/zuul/scriptManager/FilterVerifier.java@package sGoodGroovyScriptFilter : String,zuul-core/src/test/java/com/netflix/zuul/scriptManager/FilterVerifierTest.java@private sGoodGroovyScriptFilter : String,"[BlameRes(sha1='487191370c5e3f55091d3a28de0e364a7e31fc19', oline='50', file_name='zuul-core/src/main/java/com/netflix/zuul/scriptManager/FilterVerifier.java')]"
zuul,4,"('32c6b059dda303b0c543e760cd6672a573b929de', '38e8730016b518c915616b2196aa118fe0f58e68', '15633783f24ffa3f7908f8153ebe95d7a919f25f', 'f4912e53f7541fb8ca764e1a0772fac356e1673a')",Change Attribute Access Modifier,zuul-core/src/main/java/com/netflix/zuul/scriptManager/FilterVerifier.java@package sNotZuulFilterGroovy : String,zuul-core/src/test/java/com/netflix/zuul/scriptManager/FilterVerifierTest.java@private sNotZuulFilterGroovy : String,"[BlameRes(sha1='487191370c5e3f55091d3a28de0e364a7e31fc19', oline='96', file_name='zuul-core/src/main/java/com/netflix/zuul/scriptManager/FilterVerifier.java')]"
zuul,4,"('32c6b059dda303b0c543e760cd6672a573b929de', '38e8730016b518c915616b2196aa118fe0f58e68', '15633783f24ffa3f7908f8153ebe95d7a919f25f', 'f4912e53f7541fb8ca764e1a0772fac356e1673a')",Add Attribute Modifier,zuul-core/src/main/java/com/netflix/zuul/scriptManager/FilterVerifier.java@package sNotZuulFilterGroovy : String,zuul-core/src/test/java/com/netflix/zuul/scriptManager/FilterVerifierTest.java@private sNotZuulFilterGroovy : String,"[BlameRes(sha1='487191370c5e3f55091d3a28de0e364a7e31fc19', oline='96', file_name='zuul-core/src/main/java/com/netflix/zuul/scriptManager/FilterVerifier.java')]"
zuul,4,"('32c6b059dda303b0c543e760cd6672a573b929de', '38e8730016b518c915616b2196aa118fe0f58e68', '15633783f24ffa3f7908f8153ebe95d7a919f25f', 'f4912e53f7541fb8ca764e1a0772fac356e1673a')",Change Attribute Access Modifier,zuul-core/src/main/java/com/netflix/zuul/scriptManager/FilterVerifier.java@package sCompileFailCode : String,zuul-core/src/test/java/com/netflix/zuul/scriptManager/FilterVerifierTest.java@private sCompileFailCode : String,"[BlameRes(sha1='487191370c5e3f55091d3a28de0e364a7e31fc19', oline='142', file_name='zuul-core/src/main/java/com/netflix/zuul/scriptManager/FilterVerifier.java')]"
zuul,4,"('32c6b059dda303b0c543e760cd6672a573b929de', '38e8730016b518c915616b2196aa118fe0f58e68', '15633783f24ffa3f7908f8153ebe95d7a919f25f', 'f4912e53f7541fb8ca764e1a0772fac356e1673a')",Add Attribute Modifier,zuul-core/src/main/java/com/netflix/zuul/scriptManager/FilterVerifier.java@package sCompileFailCode : String,zuul-core/src/test/java/com/netflix/zuul/scriptManager/FilterVerifierTest.java@private sCompileFailCode : String,"[BlameRes(sha1='487191370c5e3f55091d3a28de0e364a7e31fc19', oline='142', file_name='zuul-core/src/main/java/com/netflix/zuul/scriptManager/FilterVerifier.java')]"
zuul,4,"('32c6b059dda303b0c543e760cd6672a573b929de', '38e8730016b518c915616b2196aa118fe0f58e68', '15633783f24ffa3f7908f8153ebe95d7a919f25f', 'f4912e53f7541fb8ca764e1a0772fac356e1673a')",Change Variable Type,zuul-core/src/main/java/com/netflix/zuul/scriptManager/FilterVerifier.java@filterClass : Class,zuul-core/src/test/java/com/netflix/zuul/scriptManager/FilterVerifierTest.java@filterClass : Class<?>,"[BlameRes(sha1='a63168890a702e087c7c394d23abb09fa5c601ee', oline='208', file_name='zuul-netflix/src/main/java/com/netflix/zuul/scriptManager/FilterVerifier.java')]"
zuul,4,"('32c6b059dda303b0c543e760cd6672a573b929de', '38e8730016b518c915616b2196aa118fe0f58e68', '15633783f24ffa3f7908f8153ebe95d7a919f25f', 'f4912e53f7541fb8ca764e1a0772fac356e1673a')",Change Variable Type,zuul-core/src/main/java/com/netflix/zuul/scriptManager/FilterVerifier.java@filterClass : Class,zuul-core/src/test/java/com/netflix/zuul/scriptManager/FilterVerifierTest.java@filterClass : Class<?>,"[BlameRes(sha1='a63168890a702e087c7c394d23abb09fa5c601ee', oline='223', file_name='zuul-netflix/src/main/java/com/netflix/zuul/scriptManager/FilterVerifier.java')]"
zuul,4,"('32c6b059dda303b0c543e760cd6672a573b929de', '38e8730016b518c915616b2196aa118fe0f58e68', '15633783f24ffa3f7908f8153ebe95d7a919f25f', 'f4912e53f7541fb8ca764e1a0772fac356e1673a')",Rename Variable,zuul-core/src/main/java/com/netflix/zuul/scriptManager/FilterVerifier.java@filter : Object,zuul-core/src/test/java/com/netflix/zuul/scriptManager/FilterVerifierTest.java@filter1 : Object,"[BlameRes(sha1='a63168890a702e087c7c394d23abb09fa5c601ee', oline='226', file_name='zuul-netflix/src/main/java/com/netflix/zuul/scriptManager/FilterVerifier.java')]"
zuul,4,"('32c6b059dda303b0c543e760cd6672a573b929de', '38e8730016b518c915616b2196aa118fe0f58e68', '15633783f24ffa3f7908f8153ebe95d7a919f25f', 'f4912e53f7541fb8ca764e1a0772fac356e1673a')",Rename Variable,zuul-core/src/main/java/com/netflix/zuul/scriptManager/FilterVerifier.java@filter : Object,zuul-core/src/test/java/com/netflix/zuul/scriptManager/FilterVerifierTest.java@filter2 : Object,"[BlameRes(sha1='a63168890a702e087c7c394d23abb09fa5c601ee', oline='244', file_name='zuul-netflix/src/main/java/com/netflix/zuul/scriptManager/FilterVerifier.java')]"
zuul,4,"('32c6b059dda303b0c543e760cd6672a573b929de', '38e8730016b518c915616b2196aa118fe0f58e68', '15633783f24ffa3f7908f8153ebe95d7a919f25f', 'f4912e53f7541fb8ca764e1a0772fac356e1673a')",Add Thrown Exception Type,zuul-core/src/main/java/com/netflix/zuul/scriptManager/FilterVerifier.java@public testZuulFilterInstance() : void,zuul-core/src/test/java/com/netflix/zuul/scriptManager/FilterVerifierTest.java@Exception,"[BlameRes(sha1='a63168890a702e087c7c394d23abb09fa5c601ee', oline='221', file_name='zuul-netflix/src/main/java/com/netflix/zuul/scriptManager/FilterVerifier.java')]"
zuul,4,"('32c6b059dda303b0c543e760cd6672a573b929de', '38e8730016b518c915616b2196aa118fe0f58e68', '15633783f24ffa3f7908f8153ebe95d7a919f25f', 'f4912e53f7541fb8ca764e1a0772fac356e1673a')",Inline Variable,zuul-core/src/main/java/com/netflix/zuul/scriptManager/FilterVerifier.java@filterInfo : FilterInfo,zuul-core/src/test/java/com/netflix/zuul/scriptManager/FilterVerifierTest.java@public testVerify() : void,"[BlameRes(sha1='a63168890a702e087c7c394d23abb09fa5c601ee', oline='284', file_name='zuul-netflix/src/main/java/com/netflix/zuul/scriptManager/FilterVerifier.java')]"
zuul,4,"('32c6b059dda303b0c543e760cd6672a573b929de', '38e8730016b518c915616b2196aa118fe0f58e68', '15633783f24ffa3f7908f8153ebe95d7a919f25f', 'f4912e53f7541fb8ca764e1a0772fac356e1673a')",Inline Variable,zuul-core/src/main/java/com/netflix/zuul/scriptManager/FilterVerifier.java@filterInfo : FilterInfo,zuul-core/src/test/java/com/netflix/zuul/scriptManager/FilterVerifierTest.java@public testVerify() : void,"[BlameRes(sha1='a63168890a702e087c7c394d23abb09fa5c601ee', oline='295', file_name='zuul-netflix/src/main/java/com/netflix/zuul/scriptManager/FilterVerifier.java')]"
zuul,4,"('32c6b059dda303b0c543e760cd6672a573b929de', '38e8730016b518c915616b2196aa118fe0f58e68', '15633783f24ffa3f7908f8153ebe95d7a919f25f', 'f4912e53f7541fb8ca764e1a0772fac356e1673a')",Rename Variable,zuul-core/src/main/java/com/netflix/zuul/scriptManager/FilterVerifier.java@filterInfo : FilterInfo,zuul-core/src/test/java/com/netflix/zuul/scriptManager/FilterVerifierTest.java@filterInfo1 : FilterInfo,"[BlameRes(sha1='a63168890a702e087c7c394d23abb09fa5c601ee', oline='266', file_name='zuul-netflix/src/main/java/com/netflix/zuul/scriptManager/FilterVerifier.java')]"
zuul,4,"('32c6b059dda303b0c543e760cd6672a573b929de', '38e8730016b518c915616b2196aa118fe0f58e68', '15633783f24ffa3f7908f8153ebe95d7a919f25f', 'f4912e53f7541fb8ca764e1a0772fac356e1673a')",Add Thrown Exception Type,zuul-core/src/main/java/com/netflix/zuul/scriptManager/FilterVerifier.java@public testVerify() : void,zuul-core/src/test/java/com/netflix/zuul/scriptManager/FilterVerifierTest.java@Exception,"[BlameRes(sha1='a63168890a702e087c7c394d23abb09fa5c601ee', oline='262', file_name='zuul-netflix/src/main/java/com/netflix/zuul/scriptManager/FilterVerifier.java')]"
zuul,4,"('df6aba2488383539cb75ed014288a51cf741060f', '227eb7eea762ab4364d28a9ccd91bf2afe97f6bd', '577e1087fb603504c375c0643688f62eae9318e4', '465a450e94c8e8d266a3364f8949b0dae35fc173')",Rename Parameter,"zuul-core/src/main/java/com/netflix/zuul/ExperimentalFilterProcessor2.java@defaultFilterResultChooser : Func1<ZuulMessage,ZuulMessage>",zuul-core/src/main/java/com/netflix/zuul/FilterProcessorImpl.java@shouldSendErrorResponse : boolean,"[BlameRes(sha1='8a4941e64e795af76cbf3884adcdbcf2e32ccc84', oline='66', file_name='zuul-core/src/main/java/com/netflix/zuul/ExperimentalFilterProcessor2.java')]"
zuul,4,"('df6aba2488383539cb75ed014288a51cf741060f', '227eb7eea762ab4364d28a9ccd91bf2afe97f6bd', '577e1087fb603504c375c0643688f62eae9318e4', '465a450e94c8e8d266a3364f8949b0dae35fc173')",Change Parameter Type,"zuul-core/src/main/java/com/netflix/zuul/ExperimentalFilterProcessor2.java@defaultFilterResultChooser : Func1<ZuulMessage,ZuulMessage>",zuul-core/src/main/java/com/netflix/zuul/FilterProcessorImpl.java@shouldSendErrorResponse : boolean,"[BlameRes(sha1='8a4941e64e795af76cbf3884adcdbcf2e32ccc84', oline='66', file_name='zuul-core/src/main/java/com/netflix/zuul/ExperimentalFilterProcessor2.java')]"
zuul,4,"('e299dc17d7ff8b2605c593afc5a160ab0a07a3ad', 'e01113accc474ef887b91488fc0737468046cf54', '7260634d98f82bb19172301767524592f4933419', 'd63b05e83ea8d0a171d41a7082de3d7deead5214')",Move And Rename Class,zuul-core/src/main/java/com/netflix/zuul/context/HttpResponseMessage.java@com.netflix.zuul.context.HttpResponseMessage,zuul-core/src/main/java/com/netflix/zuul/message/http/HttpResponseInfo.java@com.netflix.zuul.message.http.HttpResponseInfo,"[BlameRes(sha1='cb3f37dd4355957ade32cfcc1d562ea4098594db', oline='7', file_name='zuul-core/src/main/java/com/netflix/zuul/context/HttpResponseMessage.java')]"
zuul,4,"('e299dc17d7ff8b2605c593afc5a160ab0a07a3ad', 'e01113accc474ef887b91488fc0737468046cf54', '7260634d98f82bb19172301767524592f4933419', 'd63b05e83ea8d0a171d41a7082de3d7deead5214')",Move Method,zuul-core/src/main/java/com/netflix/zuul/context/HttpResponseMessage.java@public setStatus(status int) : void,zuul-core/src/main/java/com/netflix/zuul/message/http/HttpResponseMessage.java@public setStatus(status int) : void,"[BlameRes(sha1='cb3f37dd4355957ade32cfcc1d562ea4098594db', oline='13', file_name='zuul-core/src/main/java/com/netflix/zuul/context/HttpResponseMessage.java')]"
zuul,4,"('e299dc17d7ff8b2605c593afc5a160ab0a07a3ad', 'e01113accc474ef887b91488fc0737468046cf54', '7260634d98f82bb19172301767524592f4933419', 'd63b05e83ea8d0a171d41a7082de3d7deead5214')",Move Method,zuul-core/src/main/java/com/netflix/zuul/context/HttpResponseMessage.java@public getMaxBodySize() : int,zuul-core/src/main/java/com/netflix/zuul/message/http/HttpResponseMessage.java@public getMaxBodySize() : int,"[BlameRes(sha1='016ecf617ed1b446b1f09993d7027244b5241731', oline='38', file_name='zuul-core/src/main/java/com/netflix/zuul/context/HttpResponseMessage.java')]"
zuul,4,"('e299dc17d7ff8b2605c593afc5a160ab0a07a3ad', 'e01113accc474ef887b91488fc0737468046cf54', '7260634d98f82bb19172301767524592f4933419', 'd63b05e83ea8d0a171d41a7082de3d7deead5214')",Move Method,zuul-core/src/main/java/com/netflix/zuul/context/HttpResponseMessage.java@public bufferBody() : Observable<byte[]>,zuul-core/src/main/java/com/netflix/zuul/message/http/HttpResponseMessage.java@public bufferBody() : Observable<byte[]>,"[BlameRes(sha1='b995e3b8e4b6cb3cab986e3705da4df443ff3175', oline='45', file_name='zuul-core/src/main/java/com/netflix/zuul/context/HttpResponseMessage.java')]"
zuul,4,"('e299dc17d7ff8b2605c593afc5a160ab0a07a3ad', 'e01113accc474ef887b91488fc0737468046cf54', '7260634d98f82bb19172301767524592f4933419', 'd63b05e83ea8d0a171d41a7082de3d7deead5214')",Move Method,zuul-core/src/main/java/com/netflix/zuul/context/HttpResponseMessage.java@public addSetCookie(cookie Cookie) : void,zuul-core/src/main/java/com/netflix/zuul/message/http/HttpResponseMessage.java@public addSetCookie(cookie Cookie) : void,"[BlameRes(sha1='cb3f37dd4355957ade32cfcc1d562ea4098594db', oline='25', file_name='zuul-core/src/main/java/com/netflix/zuul/context/HttpResponseMessage.java')]"
zuul,4,"('79163dbfb5e4e38a95678a3295255cb52be86139', '487191370c5e3f55091d3a28de0e364a7e31fc19', 'dd3ee6b4cbbf10324ffbce70e93e2f0c582a5132', '8f32886acb124a233762f43191f5040c28518c9c')",Extract Method,zuul-core/src/main/java/com/netflix/zuul/FilterProcessor.java@public applyEndpointFilter(chain Observable<ZuulMessage>) : Observable<ZuulMessage>,zuul-core/src/main/java/com/netflix/zuul/FilterProcessor.java@public applyErrorFilterIfNeeded(chain Observable<ZuulMessage>) : Observable<ZuulMessage>,"[BlameRes(sha1='d3d24f804469485eb33d57aa5f6d46de6f52e934', oline='63', file_name='zuul-core/src/main/java/com/netflix/zuul/FilterProcessor.java')]"
zuul,4,"('f72dbb1f0f0281af219ec5a7b5d38edbc499531c', 'f80d91800f3de3319dedef1e8043d04381ae47cd', '789a510b228567b1b7eacbf93608f926a5215047', '96a1d2149c64104346332acb1064bfdb6f06a103')",Move Class,zuul-core/src/main/java/com/netflix/zuul/netty/insights/PassportStateServerHandler.java@com.netflix.zuul.netty.insights.PassportStateServerHandler.OutboundHandler,zuul-core/src/main/java/com/netflix/zuul/netty/insights/ServerStateHandler.java@com.netflix.zuul.netty.insights.ServerStateHandler.OutboundHandler,"[BlameRes(sha1='df2059f2d1f6aa145415c1113768d9463005d34e', oline='87', file_name='zuul-core/src/main/java/com/netflix/zuul/netty/insights/PassportStateServerHandler.java')]"
zuul,4,"('f72dbb1f0f0281af219ec5a7b5d38edbc499531c', 'f80d91800f3de3319dedef1e8043d04381ae47cd', '789a510b228567b1b7eacbf93608f926a5215047', '96a1d2149c64104346332acb1064bfdb6f06a103')",Move Method,zuul-core/src/main/java/com/netflix/zuul/netty/insights/PassportStateServerHandler.java@private passport(ctx ChannelHandlerContext) : CurrentPassport,zuul-core/src/main/java/com/netflix/zuul/netty/insights/ServerStateHandler.java@private passport(ctx ChannelHandlerContext) : CurrentPassport,"[BlameRes(sha1='9c4a95328d12b6ca33314557017d0a5efef34485', oline='20', file_name='zuul-core/src/main/java/com/netflix/zuul/netty/insights/PassportStateServerHandler.java')]"
zuul,4,"('c2ad899b11a38e5a0af81876848ac0938beb78d9', 'fde3f273ced92a86c6bf4e71dd5821d48489871c', '820f1871ea29e5d00be696b423034ecd50f7a108', '21643f8599167467615dc8bd062f7c2246b0176c')",Inline Variable,zuul-core/src/main/java/com/netflix/zuul/http/HttpServletRequestWrapper.java@is : InputStream,zuul-core/src/main/java/com/netflix/zuul/http/HttpServletRequestWrapper.java@private parseRequest() : void,"[BlameRes(sha1='a63168890a702e087c7c394d23abb09fa5c601ee', oline='95', file_name='zuul-core/src/main/java/com/netflix/zuul/http/HttpServletRequestWrapper.java')]"
zuul,4,"('0a37c12ea258390a03b1bfafd5ab91939bb920e3', 'ec3ac70d1931bb819ea8c5c42716c5ef1807f75b', 'b8cfd299ae952168ea51181c92df46874c377fbb', 'ee60b3ae84685cdd76890a45698f88ded7d28d03')",Change Variable Type,zuul-core/src/test/java/com/netflix/zuul/netty/connectionpool/DefaultClientChannelManagerTest.java@s : Server,zuul-core/src/test/java/com/netflix/zuul/netty/connectionpool/DefaultClientChannelManagerTest.java@s : DiscoveryResult,"[BlameRes(sha1='f47dcbacfb9adf040a558b9bdacd2882e189b2f9', oline='50', file_name='zuul-core/src/test/java/com/netflix/zuul/netty/connectionpool/DefaultClientChannelManagerTest.java')]"
zuul,4,"('0a37c12ea258390a03b1bfafd5ab91939bb920e3', 'ec3ac70d1931bb819ea8c5c42716c5ef1807f75b', 'b8cfd299ae952168ea51181c92df46874c377fbb', 'ee60b3ae84685cdd76890a45698f88ded7d28d03')",Change Variable Type,zuul-core/src/test/java/com/netflix/zuul/netty/connectionpool/DefaultClientChannelManagerTest.java@s : Server,zuul-core/src/test/java/com/netflix/zuul/netty/connectionpool/DefaultClientChannelManagerTest.java@s : DiscoveryResult,"[BlameRes(sha1='f47dcbacfb9adf040a558b9bdacd2882e189b2f9', oline='64', file_name='zuul-core/src/test/java/com/netflix/zuul/netty/connectionpool/DefaultClientChannelManagerTest.java')]"
zuul,4,"('0a37c12ea258390a03b1bfafd5ab91939bb920e3', 'ec3ac70d1931bb819ea8c5c42716c5ef1807f75b', 'b8cfd299ae952168ea51181c92df46874c377fbb', 'ee60b3ae84685cdd76890a45698f88ded7d28d03')",Change Variable Type,zuul-core/src/test/java/com/netflix/zuul/netty/connectionpool/DefaultClientChannelManagerTest.java@s : Server,zuul-core/src/test/java/com/netflix/zuul/netty/connectionpool/DefaultClientChannelManagerTest.java@s : NonDiscoveryServer,"[BlameRes(sha1='f47dcbacfb9adf040a558b9bdacd2882e189b2f9', oline='77', file_name='zuul-core/src/test/java/com/netflix/zuul/netty/connectionpool/DefaultClientChannelManagerTest.java')]"
zuul,4,"('0a37c12ea258390a03b1bfafd5ab91939bb920e3', 'ec3ac70d1931bb819ea8c5c42716c5ef1807f75b', 'b8cfd299ae952168ea51181c92df46874c377fbb', 'ee60b3ae84685cdd76890a45698f88ded7d28d03')",Change Variable Type,zuul-core/src/test/java/com/netflix/zuul/netty/connectionpool/DefaultClientChannelManagerTest.java@s : Server,zuul-core/src/test/java/com/netflix/zuul/netty/connectionpool/DefaultClientChannelManagerTest.java@s : NonDiscoveryServer,"[BlameRes(sha1='f47dcbacfb9adf040a558b9bdacd2882e189b2f9', oline='89', file_name='zuul-core/src/test/java/com/netflix/zuul/netty/connectionpool/DefaultClientChannelManagerTest.java')]"
zuul,5,"('cabdee30b325c7b1938aa21769227e918b6efc45', '01ee2efbe98d957a2c65701ff1d519859aa33b4e', '15ca83fa34fbdb25d1cee8476630ef77ca813a61', 'f362e2b9ce2b3a02d1f74f70d18a55b1bfc08c50', 'e4947255f561a406fd88e162bd7e3ba0eedf5856')",Move And Rename Class,zuul-core/src/main/java/com/netflix/zuul/filters/TestSyncFilter.java@com.netflix.zuul.filters.TestSyncFilter,zuul-sample/src/main/java/com/netflix/zuul/sample/filters/Debug.java@com.netflix.zuul.sample.filters.Debug,"[BlameRes(sha1='d3d24f804469485eb33d57aa5f6d46de6f52e934', oline='5', file_name='zuul-core/src/main/java/com/netflix/zuul/filters/TestSyncFilter.java')]"
zuul,5,"('cabdee30b325c7b1938aa21769227e918b6efc45', '01ee2efbe98d957a2c65701ff1d519859aa33b4e', '15ca83fa34fbdb25d1cee8476630ef77ca813a61', 'f362e2b9ce2b3a02d1f74f70d18a55b1bfc08c50', 'e4947255f561a406fd88e162bd7e3ba0eedf5856')",Add Class Annotation,zuul-core/src/main/java/com/netflix/zuul/filters/TestSyncFilter.java@com.netflix.zuul.filters.TestSyncFilter,zuul-sample/src/main/java/com/netflix/zuul/sample/filters/Debug.java@@Filter(order = 20),"[BlameRes(sha1='d3d24f804469485eb33d57aa5f6d46de6f52e934', oline='5', file_name='zuul-core/src/main/java/com/netflix/zuul/filters/TestSyncFilter.java')]"
zuul,5,"('cabdee30b325c7b1938aa21769227e918b6efc45', '01ee2efbe98d957a2c65701ff1d519859aa33b4e', '15ca83fa34fbdb25d1cee8476630ef77ca813a61', 'f362e2b9ce2b3a02d1f74f70d18a55b1bfc08c50', 'e4947255f561a406fd88e162bd7e3ba0eedf5856')",Rename Parameter,zuul-core/src/main/java/com/netflix/zuul/filters/TestSyncFilter.java@input : HttpRequestMessage,zuul-sample/src/main/java/com/netflix/zuul/sample/filters/Debug.java@request : HttpRequestMessage,"[BlameRes(sha1='d3d24f804469485eb33d57aa5f6d46de6f52e934', oline='8', file_name='zuul-core/src/main/java/com/netflix/zuul/filters/TestSyncFilter.java')]"
zuul,5,"('cabdee30b325c7b1938aa21769227e918b6efc45', '01ee2efbe98d957a2c65701ff1d519859aa33b4e', '15ca83fa34fbdb25d1cee8476630ef77ca813a61', 'f362e2b9ce2b3a02d1f74f70d18a55b1bfc08c50', 'e4947255f561a406fd88e162bd7e3ba0eedf5856')",Rename Parameter,zuul-core/src/main/java/com/netflix/zuul/filters/TestSyncFilter.java@msg : HttpRequestMessage,zuul-sample/src/main/java/com/netflix/zuul/sample/filters/Debug.java@request : HttpRequestMessage,"[BlameRes(sha1='d3d24f804469485eb33d57aa5f6d46de6f52e934', oline='23', file_name='zuul-core/src/main/java/com/netflix/zuul/filters/TestSyncFilter.java')]"
zuul,5,"('9c6ed6d0b95b0293bc978c7f31832e1cef6179ee', '79163dbfb5e4e38a95678a3295255cb52be86139', '487191370c5e3f55091d3a28de0e364a7e31fc19', 'dd3ee6b4cbbf10324ffbce70e93e2f0c582a5132', '8f32886acb124a233762f43191f5040c28518c9c')",Rename Method,zuul-core/src/main/java/com/netflix/zuul/context/Attributes.java@public setShouldProxy(bSend boolean) : void,zuul-core/src/main/java/com/netflix/zuul/context/Attributes.java@public setErrorResponseSent(should boolean) : void,"[BlameRes(sha1='47b7edc48fad2da9628d13e52d37f0a3213e76d2', oline='136', file_name='zuul-core/src/main/java/com/netflix/zuul/context/Attributes.java')]"
zuul,5,"('9c6ed6d0b95b0293bc978c7f31832e1cef6179ee', '79163dbfb5e4e38a95678a3295255cb52be86139', '487191370c5e3f55091d3a28de0e364a7e31fc19', 'dd3ee6b4cbbf10324ffbce70e93e2f0c582a5132', '8f32886acb124a233762f43191f5040c28518c9c')",Rename Parameter,zuul-core/src/main/java/com/netflix/zuul/context/Attributes.java@bSend : boolean,zuul-core/src/main/java/com/netflix/zuul/context/Attributes.java@should : boolean,"[BlameRes(sha1='47b7edc48fad2da9628d13e52d37f0a3213e76d2', oline='136', file_name='zuul-core/src/main/java/com/netflix/zuul/context/Attributes.java')]"
zuul,5,"('50d057a798354231abd12f87c15258a846f52436', 'f72dbb1f0f0281af219ec5a7b5d38edbc499531c', 'f80d91800f3de3319dedef1e8043d04381ae47cd', '789a510b228567b1b7eacbf93608f926a5215047', '96a1d2149c64104346332acb1064bfdb6f06a103')",Change Attribute Type,zuul-core/src/main/java/com/netflix/netty/common/metrics/ServerChannelMetrics.java@ATTR_CURRENT_CONNS : AttributeKey<AtomicInteger>,zuul-core/src/main/java/com/netflix/zuul/netty/insights/ServerStateHandler.java@ATTR_CURRENT_CONNS : AttributeKey<Double>,"[BlameRes(sha1='e4b6aa5132f8ac7327f3240d84c3c904000c7138', oline='23', file_name='zuul-core/src/main/java/com/netflix/netty/common/metrics/ServerChannelMetrics.java')]"
zuul,5,"('50d057a798354231abd12f87c15258a846f52436', 'f72dbb1f0f0281af219ec5a7b5d38edbc499531c', 'f80d91800f3de3319dedef1e8043d04381ae47cd', '789a510b228567b1b7eacbf93608f926a5215047', '96a1d2149c64104346332acb1064bfdb6f06a103')",Change Variable Type,zuul-core/src/main/java/com/netflix/netty/common/metrics/ServerChannelMetrics.java@count : AtomicInteger,zuul-core/src/main/java/com/netflix/zuul/netty/insights/ServerStateHandler.java@count : Double,"[BlameRes(sha1='9c4a95328d12b6ca33314557017d0a5efef34485', oline='60', file_name='zuul-core/src/main/java/com/netflix/netty/common/metrics/ServerChannelMetrics.java')]"
zuul,5,"('50d057a798354231abd12f87c15258a846f52436', 'f72dbb1f0f0281af219ec5a7b5d38edbc499531c', 'f80d91800f3de3319dedef1e8043d04381ae47cd', '789a510b228567b1b7eacbf93608f926a5215047', '96a1d2149c64104346332acb1064bfdb6f06a103')",Change Return Type,zuul-core/src/main/java/com/netflix/netty/common/metrics/ServerChannelMetrics.java@int,zuul-core/src/main/java/com/netflix/zuul/netty/insights/ServerStateHandler.java@double,"[BlameRes(sha1='e4b6aa5132f8ac7327f3240d84c3c904000c7138', oline='40', file_name='zuul-core/src/main/java/com/netflix/netty/common/metrics/ServerChannelMetrics.java')]"
zuul,5,"('4688bd808d1a1bd4e3cf6836fac68cb0c64f177f', '4ae1db4349c306f6e2abff82b3be2504d09b44db', 'f8ee2a206e6b97a39b25281b0a6b98dcd63b6ffa', 'f73b86d325f11deb15ef923bf58c5d60821ee938', '47b7edc48fad2da9628d13e52d37f0a3213e76d2')",Add Parameter,zuul-servlet-api/src/main/java/com/netflix/zuul/ZuulRunner.java@public getContext() : SessionContext,zuul-netty-sample/src/main/java/com/netflix/zuul/context/SampleSessionContextDecorator.java@ctx : SessionContext,"[BlameRes(sha1='a74099c4107dfb7258e13776a0ea324dfa8f67a5', oline='15', file_name='zuul-servlet-api/src/main/java/com/netflix/zuul/ZuulRunner.java')]"
zuul,5,"('4688bd808d1a1bd4e3cf6836fac68cb0c64f177f', '4ae1db4349c306f6e2abff82b3be2504d09b44db', 'f8ee2a206e6b97a39b25281b0a6b98dcd63b6ffa', 'f73b86d325f11deb15ef923bf58c5d60821ee938', '47b7edc48fad2da9628d13e52d37f0a3213e76d2')",Add Method Annotation,zuul-servlet-api/src/main/java/com/netflix/zuul/ZuulRunner.java@public getContext() : SessionContext,zuul-netty-sample/src/main/java/com/netflix/zuul/context/SampleSessionContextDecorator.java@@Override,"[BlameRes(sha1='a74099c4107dfb7258e13776a0ea324dfa8f67a5', oline='15', file_name='zuul-servlet-api/src/main/java/com/netflix/zuul/ZuulRunner.java')]"
zuul,5,"('4688bd808d1a1bd4e3cf6836fac68cb0c64f177f', '4ae1db4349c306f6e2abff82b3be2504d09b44db', 'f8ee2a206e6b97a39b25281b0a6b98dcd63b6ffa', 'f73b86d325f11deb15ef923bf58c5d60821ee938', '47b7edc48fad2da9628d13e52d37f0a3213e76d2')",Move And Rename Method,zuul-servlet-api/src/main/java/com/netflix/zuul/ZuulRunner.java@public getContext() : SessionContext,zuul-netty-sample/src/main/java/com/netflix/zuul/context/SampleSessionContextDecorator.java@public decorate(ctx SessionContext) : SessionContext,"[BlameRes(sha1='a74099c4107dfb7258e13776a0ea324dfa8f67a5', oline='15', file_name='zuul-servlet-api/src/main/java/com/netflix/zuul/ZuulRunner.java')]"
zuul,5,"('634ac2728e8d17f284e2b1d421cec14882d822a5', '6e5146bd9bb0562786dd994ded00686d276c3a2c', '5789448c93048f9fe46e5dc9af544b2cf331b194', 'b0d2ee8dce4c10f4fe2f5c61b45295b5f198d839', 'a74099c4107dfb7258e13776a0ea324dfa8f67a5')",Move Attribute,zuul-servlet-api/src/main/java/com/netflix/zuul/servlet/ZuulServletFilter.java@package filterChain : FilterChain,zuul-servlet-api/src/main/java/com/netflix/zuul/servlet/ZuulServlet.java@package filterChain : FilterChain,"[BlameRes(sha1='a63168890a702e087c7c394d23abb09fa5c601ee', oline='101', file_name='zuul-core/src/main/java/com/netflix/zuul/filters/ZuulServletFilter.java')]"
zuul,5,"('634ac2728e8d17f284e2b1d421cec14882d822a5', '6e5146bd9bb0562786dd994ded00686d276c3a2c', '5789448c93048f9fe46e5dc9af544b2cf331b194', 'b0d2ee8dce4c10f4fe2f5c61b45295b5f198d839', 'a74099c4107dfb7258e13776a0ea324dfa8f67a5')",Move Attribute,zuul-servlet-api/src/main/java/com/netflix/zuul/servlet/ZuulServletFilter.java@package zuulRunner : ZuulRunner,zuul-servlet-api/src/main/java/com/netflix/zuul/servlet/ZuulServlet.java@package zuulRunner : ZuulRunner,"[BlameRes(sha1='a63168890a702e087c7c394d23abb09fa5c601ee', oline='103', file_name='zuul-core/src/main/java/com/netflix/zuul/filters/ZuulServletFilter.java')]"
zuul,5,"('789a510b228567b1b7eacbf93608f926a5215047', '96a1d2149c64104346332acb1064bfdb6f06a103', '63066ff420118170797d6bf429903f07f6714dc2', '5b7588c48372b7ccdd7f769dad2ae178e8fa8d8a', '2a9af0928bb6c3c1e50e041df166dd512edc6af6')",Remove Attribute Annotation,zuul-core/src/test/java/com/netflix/netty/common/throttle/MaxInboundConnectionsHandlerTest.java@@Mock,zuul-core/src/test/java/com/netflix/netty/common/throttle/MaxInboundConnectionsHandlerTest.java@private registry : Registry,"[BlameRes(sha1='e4b6aa5132f8ac7327f3240d84c3c904000c7138', oline='21', file_name='zuul-core/src/test/java/com/netflix/netty/common/throttle/MaxInboundConnectionsHandlerTest.java')]"
zuul,5,"('789a510b228567b1b7eacbf93608f926a5215047', '96a1d2149c64104346332acb1064bfdb6f06a103', '63066ff420118170797d6bf429903f07f6714dc2', '5b7588c48372b7ccdd7f769dad2ae178e8fa8d8a', '2a9af0928bb6c3c1e50e041df166dd512edc6af6')",Remove Attribute Modifier,zuul-core/src/test/java/com/netflix/netty/common/throttle/MaxInboundConnectionsHandlerTest.java@private listener : String,zuul-core/src/test/java/com/netflix/netty/common/throttle/MaxInboundConnectionsHandlerTest.java@private listener : String,"[BlameRes(sha1='e4b6aa5132f8ac7327f3240d84c3c904000c7138', oline='26', file_name='zuul-core/src/test/java/com/netflix/netty/common/throttle/MaxInboundConnectionsHandlerTest.java')]"
zuul,5,"('6e5146bd9bb0562786dd994ded00686d276c3a2c', '5789448c93048f9fe46e5dc9af544b2cf331b194', 'b0d2ee8dce4c10f4fe2f5c61b45295b5f198d839', 'a74099c4107dfb7258e13776a0ea324dfa8f67a5', '1240ebc83afd39e7dbc8f654a60b9f3df4c34144')",Split Parameter,zuul-core/src/main/java/com/netflix/zuul/context/HttpRequestMessage.java@uri : String,zuul-core/src/main/java/com/netflix/zuul/context/HttpRequestMessage.java@path : String,"[BlameRes(sha1='25ac22d9508f470d956e450a4cf2e78cafacbf0e', oline='20', file_name='zuul-core/src/main/java/com/netflix/zuul/context/HttpRequestMessage.java')]"
